,PERMIT_NUM,REVISION_NUM,PERMIT_TYPE,STRUCTURE_TYPE,WORK,STREET_NUM,STREET_NAME,STREET_TYPE,STREET_DIRECTION,POSTAL,GEO_ID,WARD_GRID,APPLICATION_DATE,ISSUED_DATE,COMPLETED_DATE,STATUS,DESCRIPTION,CURRENT_USE,PROPOSED_USE,DWELLING_UNITS_CREATED,DWELLING_UNITS_LOST,EST_CONST_COST,ASSEMBLY,INSTITUTIONAL,RESIDENTIAL,BUSINESS_AND_PERSONAL_SERVICES,MERCANTILE,INDUSTRIAL,INTERIOR_ALTERATIONS,DEMOLITION,Unnamed: 30,Unnamed: 31,Unnamed: 32,Unnamed: 33,Unnamed: 34,Unnamed: 35,Unnamed: 36
22857,19 160261 BLD,0,Small Residential Projects,Laneway / Rear Yard Suite,New Laneway / Rear Yard Suite,128,LANGFORD,AVE, ,M4J,829989.0,S1425,20190527000000.0,20190917000000.0,20201124000000,Closed,Proposal to construct a 2 storey lane way suite for existing sfd-semi,Sfd-Semi,Laneway Suite,1.0,0.0,0,0.0,0,92.58,0.0,0.0,0.0,0.0,0.0,,,,,,,
23075,19 164771 BLD,0,Small Residential Projects,Laneway / Rear Yard Suite,New Laneway / Rear Yard Suite,197,ARGYLE,ST, ,M6J,763547.0,S0937,20190603000000.0,20190730000000.0,20200812000000,Closed,Proposal to convert existing rear detached garage to a laneway suite.,Garage,Laneway Suite,1.0,0.0,1000000,0.0,0,55.0,0.0,0.0,0.0,0.0,0.0,,,,,,,
23249,19 169095 BLD,0,Small Residential Projects,Laneway / Rear Yard Suite,New Laneway / Rear Yard Suite,101,HALLAM,ST, ,M6H,816541.0,S0932,20190610000000.0,20190808000000.0,20201013000000,Closed,Proposal to construct a detached rear laneway suite to existing lot with single family dwelling and detached rear garage.,Sfd With Detached Garage,Sfd With Detached Laneway Suite,1.0,0.0,100000,0.0,0,77.95,0.0,0.0,0.0,0.0,0.0,,,,,,,
23257,19 169162 BLD,0,Small Residential Projects,Laneway / Rear Yard Suite,New Laneway / Rear Yard Suite,397,ROXTON,RD, ,M6G,9422229.0,S1132,20190610000000.0,20190716000000.0,20201219000000,Closed,Construct second storey addition and conversion of existing garage to a laneway suite,Garage,Laneway Suite,1.0,0.0,40000,0.0,0,70.89,0.0,0.0,0.0,0.0,0.0,,,,,,,
23258,19 169162 BLD,1,Small Residential Projects,Laneway / Rear Yard Suite,New Laneway / Rear Yard Suite,397,ROXTON,RD, ,M6G,9422229.0,S1132,20200128000000.0,20200212000000.0,20201219000000,Closed,"Rev 01 - changes as per drawing, maintain existing overhead door.",Garage,Laneway Suite,0.0,0.0,0,0.0,0,0.0,0.0,0.0,0.0,0.0,0.0,,,,,,,
24194,19 182923 BLD,0,Small Residential Projects,Laneway / Rear Yard Suite,New Laneway / Rear Yard Suite,74,DOVERCOURT,RD, ,M6J,794063.0,S0937,20190704000000.0,20190919000000.0,20200522000000,Closed,"Proposal to convert existing detached garage to a laneway suite. Scope of work includes a 1 storey addition, new 2nd floor addition and interior alterations. See permit 19 182912 BLD for the main building.",2 Unit Semi,3 Unit Semi/Laneway Suite,1.0,0.0,"100,000",0.0,0,78.99,0.0,0.0,0.0,0.0,0.0,,,,,,,
24311,19 184945 BLD,0,Small Residential Projects,Laneway / Rear Yard Suite,New Laneway / Rear Yard Suite,24,LAMB,AVE, ,M4J,7785396.0,S1432,20190708000000.0,20191031000000.0,20201005000000,Closed,Proposal to replace existing rear garage with new garage containing a laneway suite.,Sfd/Rear Garage,Rear Garage With Laneway Suite,1.0,0.0,250000.00,0.0,0,101.5,0.0,0.0,0.0,0.0,0.0,,,,,,,
27247,19 228441 BLD,0,Small Residential Projects,Laneway / Rear Yard Suite,New Laneway / Rear Yard Suite,373,MAIN,ST, ,M4C,10906006.0,S1930,20190927000000.0,20200128000000.0,20201115000000,Closed,Demolish the existing detached garage (19-228862 BLD) and construct a rear laneway suite containing a two car garage ,Detached Garage,Rear Laneway Suite + Garage,1.0,0.0,"300,000",0.0,0,92.95,0.0,0.0,0.0,0.0,0.0,,,,,,,
28222,19 240032 BLD,0,Small Residential Projects,Laneway / Rear Yard Suite,New Laneway / Rear Yard Suite,717 A,PALMERSTON,AVE, ,M6G,14200408.0,S1125,20191023000000.0,20200131000000.0,20201223000000,Closed,"Proposed As-of-Right, New Construction of a 2-Storey, 6 m high, 9 m long, and 3.6 m wide (32.4 m^2) Ancillary Building Containing a Laneway Suite.",Sfd,Sfd/Laneway Suite,1.0,0.0,275000.00,0.0,0,64.8,0.0,0.0,0.0,0.0,0.0,,,,,,,
28299,19 240442 BLD,0,Small Residential Projects,Laneway / Rear Yard Suite,New Laneway / Rear Yard Suite,163,WYCHWOOD,AVE, ,M6C,78440.0,S1229,20191024000000.0,20191209000000.0,20200820000000,Closed,Proposal to demolish existing detached garage and construct a new 2 storey laneway suite with ground floor parking and 2nd floor residential suite. See also 18 241710 ZZC.,Sfd-Detached,Sfd-Detached/Laneway Suite,1.0,0.0,"300,000",0.0,0,136.2,0.0,0.0,0.0,0.0,0.0,,,,,,,
33827,20 146777 BLD,0,Small Residential Projects,2 Unit - Detached,New Laneway / Rear Yard Suite,2,HUMEWOOD,DR, ,M6C,823315.0,S1234,20200520000000.0,20200831000000.0,20201217000000,Closed,PROPOSED: CONSTRUCTION OF A SECOND STOREY ADDITION TO THE EXISTING DETACHED GARAGE FOR CONVERSION TO A LANEWAY SUITE. ALTERATIONS PROPOSED TO THE EXISTING MAIN DWELLING.,Sfd Detached,2 Unit Detached W/ Laneway Suite,1.0,0.0,400000,0.0,0,117.0,0.0,0.0,0.0,0.0,0.0,,,,,,,
21051,20 148761 BLD,2,Small Residential Projects,2 Unit - Townhouse,New Laneway / Rear Yard Suite,182,BORDEN,ST, ,M5S,11227353.0,S1138,04/10/2021,04/20/2021,11/17/2021,Closed,"Rev 02: Alteration to foundation for Urban Forestry Permit
PROPOSED: NEW LANE WAY SUITE  - 2 STOREYS, ONE BEDROOM, 2 BATHROOMS, 1 KITCHEN ",Sfd - Towhnhouse,2 Unit - Townhouse,0,0,0,0,0,0,0,0.0,0.0,0.0,0.0,,,,,,,
21109,20 214211 BLD,1,Small Residential Projects,Laneway / Rear Yard Suite,New Laneway / Rear Yard Suite,75,WOODYCREST,AVE, ,M4J,886514.0,S1425,07/21/2021,08/05/2021,11/17/2021,Closed,REV01: changes as per drawings,Rear Garage,Laneway Suite,1,0,0,0,0,0,0,0.0,0.0,0.0,0.0,,,,,,,
21279,20 204168 BLD,1,Small Residential Projects,Laneway / Rear Yard Suite,New Laneway / Rear Yard Suite,106,LAPPIN,AVE, ,M6H,831085.0,S0930,04/15/2021,05/03/2021,09/20/2021,Closed,"Revision 01 - to use existing strip footings
Proposal to demolish the detached garage and construct a new 2 storey laneway suite at the rear of an existing SFD-detached dwelling.",Garage,Llaneway Suite,1,0,0,0,0,0,0,0.0,0.0,0.0,0.0,,,,,,,
21880,19 148107 BLD,1,Small Residential Projects,2 Unit - Detached,New Laneway / Rear Yard Suite,262,BEATRICE,ST, ,M6G,8393665.0,S1132,10/15/2021,10/29/2021,11/02/2021,Closed,"REV 01 - installation of solar array on the roof of the building under construction. 
Proposal to demolish the detached garage and construct a 2 storey laneway suite at the rear of an existing SFD - townhouse,",Sfd-Townhouse,Townhouse.Laneway Suite (2 Units),1,0,0,0,0,0,0,0.0,0.0,0.0,0.0,,,,,,,
22213,20 116552 BLD,1,Small Residential Projects,Laneway / Rear Yard Suite,New Laneway / Rear Yard Suite,46,WEST LYNN,AVE, ,M4C,3936442.0,S1931,09/17/2020,11/02/2020,06/10/2021,Closed,"Revision 01 - changes to floor framing layout
Proposal to construct a new 2 storey lane way suite.",Vacant,Laneway Suite,0,0,0,0,0,0,0,0.0,0.0,0.0,0.0,,,,,,,
22230,20 187892 BLD,0,Small Residential Projects,Laneway / Rear Yard Suite,New Laneway / Rear Yard Suite,54,DEWHURST,BLVD, ,M4J,10428623.0,S1425,08/31/2020,10/14/2020,06/29/2021,Closed,Proposal to demolish existing detached garage and construct  a new 2 storey laneway suite. ,Detached Garage,Laneway Suite,1,0,"200,000.00",0,0,97.7,0,0.0,0.0,0.0,0.0,,,,,,,
22297,20 168276 BLD,0,Small Residential Projects,2 Unit - Detached,New Laneway / Rear Yard Suite,2,KEYSTONE,AVE, ,M4C,827811.0,S1932,07/16/2020,10/06/2020,12/17/2021,Closed,Proposal to construct second storey addition (47.1m2) over existing garage and interior alterations (65.4m2) to create new laneway suite.  No alterations proposed for main residence (single family detached dwelling).  See related ZC file 19-206417 and C of A file A1086/19TEY.,Sfd - Detached,Sfd - Detached + Laneway Suite,2,0,450000,0,0,47.1,0,0.0,0.0,0.0,0.0,,,,,,,
22756,20 197182 BLD,0,Small Residential Projects,Laneway / Rear Yard Suite,New Laneway / Rear Yard Suite,111,WOODFIELD,RD, ,M4L,885765.0,S1439,09/22/2020,10/29/2020,07/19/2021,Closed,Proposal for a 2 car garage with a laneway suite above,2 Unit Sfd,Rear Garage With Laneway Suite Above,1,0,"100,000",0,0,90.4,0,0.0,0.0,0.0,0.0,,,,,,,
22859,20 172903 BLD,1,Small Residential Projects,2 Unit - Semi-detached,New Laneway / Rear Yard Suite,52 A,ST CLARENS,AVE, ,M6K,11774702.0,S0936,11/24/2020,12/09/2020,10/15/2021,Closed,"Rev 01 - changes as per bubbled dwgs, east elevation, basement wall, etc
Proposal to construct a new two storey laneway suite to existing 2-unit dwelling.",Sfd - Semi,Detached Garage Into Laneway Suite.,0,0,0,0,0,0,0,0.0,0.0,0.0,0.0,,,,,,,
22908,20 161500 BLD,0,Small Residential Projects,Laneway / Rear Yard Suite,New Laneway / Rear Yard Suite,656,OLD WESTON,RD, ,M6N,848470.0,S0923,06/29/2020,10/01/2020,09/20/2021,Closed,"Proposal to construct a 2nd storey addition above the existing detached garage for a new laneway suite, scope of work also includes underpinning the existing foundation for storage in the basement.
**** See ZZC Drawings ****",Detached Garage,Laneway Suite,1,0,"125,000.00",0,0,50.31,0,0.0,0.0,0.0,0.0,,,,,,,
22931,20 159736 BLD,0,Small Residential Projects,Laneway / Rear Yard Suite,New Laneway / Rear Yard Suite,622,GREENWOOD,AVE, ,M4J,815857.0,S1431,06/24/2020,01/08/2021,07/21/2021,Closed,"To construct a new two storey rear yard laneway suite.
**** See ZZC Drawings ****",Sfd - Rear Yard,Two Storey Lane Way ,1,0,150000,0,0,75.4,0,0.0,0.0,0.0,0.0,,,,,,,
22932,20 172903 BLD,0,Small Residential Projects,2 Unit - Semi-detached,New Laneway / Rear Yard Suite,52 A,ST CLARENS,AVE, ,M6K,11774702.0,S0936,07/27/2020,11/17/2020,10/15/2021,Closed,Proposal to construct a new two storey laneway suite to existing 2-unit dwelling.,Sfd - Semi,Detached Garage Into Laneway Suite.,1,0,"300,000",0,0,137.58,0,0.0,0.0,0.0,0.0,,,,,,,
23028,20 148761 BLD,1,Small Residential Projects,2 Unit - Townhouse,New Laneway / Rear Yard Suite,182,BORDEN,ST, ,M5S,11227353.0,S1138,10/30/2020,11/10/2020,11/17/2021,Closed,"Rev 01: Alteration to foundation for Urban Forestry Permit
PROPOSED: NEW LANE WAY SUITE  - 2 STOREYS, ONE BEDROOM, 2 BATHROOMS, 1 KITCHEN ",Sfd - Towhnhouse,2 Unit - Townhouse,0,0,0,0,0,1,0,0.0,0.0,0.0,0.0,,,,,,,
23139,20 176687 BLD,0,Small Residential Projects,Laneway / Rear Yard Suite,New Laneway / Rear Yard Suite,82,STAFFORD,ST, ,M6J,874263.0,S1028,08/05/2020,10/20/2020,12/17/2021,Closed,Rear yard laneway suite to existing single family semi-detached,Semi,Semi And Laneway Suite,1,0,500000,0,0,67,0,0.0,0.0,0.0,0.0,,,,,,,
23141,21 120957 BLD,0,Small Residential Projects,Laneway / Rear Yard Suite,New Laneway / Rear Yard Suite,144,ASCOT,AVE, ,M6E,764262.0,S0924,02/27/2021,03/25/2021,12/23/2021,Closed,Demolition and removal of an existing carport and construction of a two storey laneway suite,Detached Garage,Laneway Suite,1,0,"400,000",0,0,87.5,0,0.0,0.0,0.0,0.0,,,,,,,
23321,20 132858 BLD,1,Small Residential Projects,Laneway / Rear Yard Suite,New Laneway / Rear Yard Suite,12,GLEN STEWART,AVE, ,M4E,811709.0,S1939,06/25/2020,07/16/2020,03/05/2021,Closed,"REV 01: Revision to permit to show details for the demolition of the No.12 side of a detached rear garage, and the support of the remaining No.10 side of the garage.

To demolish the detached garage and shed at the rear of an existing two-storey detached dwelling and to construct a two-storey laneway suite.",Garage,Laneway Suite,0,0,0,0,0,0,0,0.0,0.0,0.0,0.0,,,,,,,
23445,20 176687 BLD,1,Small Residential Projects,Laneway / Rear Yard Suite,New Laneway / Rear Yard Suite,82,STAFFORD,ST, ,M6J,874263.0,S1028,11/02/2020,11/18/2020,12/17/2021,Closed,"REVISION - as per the bubbled drawings
Rear yard laneway suite to existing single family semi-detached",Semi,Semi And Laneway Suite,1,0,0,0,0,0,0,0.0,0.0,0.0,0.0,,,,,,,
23711,20 214211 BLD,0,Small Residential Projects,Laneway / Rear Yard Suite,New Laneway / Rear Yard Suite,75,WOODYCREST,AVE, ,M4J,886514.0,S1425,11/03/2020,03/29/2021,11/17/2021,Closed,To construct a two storey laneway suite ,Rear Garage,Laneway Suite,1,0,250000,0,0,45,0,0.0,0.0,0.0,0.0,,,,,,,
23932,20 128430 BLD,1,Small Residential Projects,Laneway / Rear Yard Suite,New Laneway / Rear Yard Suite,135,PEARSON,AVE, ,M6R,9217214.0,S0435,10/26/2020,11/27/2020,11/12/2021,Closed,"REV 01: Revision to permit to change the foundation, add a green roof and interior layout changes.

Proposal to demolish existing detached garage and to construct a new ancillary building containing a laneway suite.",Sfd,Laneway Suite,0,0,0,0,0,0,0,0.0,0.0,0.0,0.0,,,,,,,
23995,20 204168 BLD,0,Small Residential Projects,Laneway / Rear Yard Suite,New Laneway / Rear Yard Suite,106,LAPPIN,AVE, ,M6H,831085.0,S0930,10/07/2020,01/06/2021,09/20/2021,Closed,Proposal to demolish the detached garage and construct a new 2 storey laneway suite at the rear of an existing SFD-detached dwelling.,Sfd-Detached,Sfd-Detached/Laneway Suite,1,0,"250,000",0,0,79.48,0,0.0,0.0,0.0,0.0,,,,,,,
24214,20 132858 BLD,2,Small Residential Projects,Laneway / Rear Yard Suite,New Laneway / Rear Yard Suite,12,GLEN STEWART,AVE, ,M4E,811709.0,S1939,07/29/2020,08/17/2020,03/05/2021,Closed,"REVISION 2 - change poured concrete trench footing to a poured in place insulated concrete formed foundation wall
To demolish the detached garage and shed at the rear of an existing two-storey detached dwelling and to construct a two-storey laneway suite.",Garage,Laneway Suite,0,0,0,0,0,0,0,0.0,0.0,0.0,0.0,,,,,,,
24396,19 220320 BLD,1,Small Residential Projects,Laneway / Rear Yard Suite,New Laneway / Rear Yard Suite,18,LANGFORD,AVE, ,M4J,10279984.0,S1425,08/31/2020,10/02/2020,05/27/2021,Closed,"Rev 01 - new residential sprinkler system for new lane way house. 

Proposal to construct a new rear 2 storey lane way suite.",Vacant,Laneway Suite,1,0,0,0,0,0,0,0.0,0.0,0.0,0.0,,,,,,,
24462,20 195590 BLD,0,Small Residential Projects,Laneway / Rear Yard Suite,New Laneway / Rear Yard Suite,19,KENWOOD,AVE, ,M6C,65265.0,S1229,09/18/2020,10/20/2020,08/25/2021,Closed,Proposal to construct a 2 storey Laneway Suite in the rear yard of the existing SFD-detached dwelling. See also 20 145394 ZZC.,Sfd-Detached,Sfd-Detached/Laneway Suite,1,0,"100,000",0,0,88.6,0,0.0,0.0,0.0,0.0,,,,,,,
24497,20 201736 BLD,0,Small Residential Projects,Laneway / Rear Yard Suite,New Laneway / Rear Yard Suite,658,OLD WESTON,RD, ,M6N,848472.0,S0923,10/02/2020,11/06/2020,08/05/2021,Closed,Proposal to demolish the existing garage and construct a rear single car detached garage with storage basement and a laneway suite located on the second floor level.,Sfd,Sfd/Laneway Suite,1,0,200000,0,0,59,0,0.0,0.0,0.0,0.0,,,,,,,
24752,20 150832 BLD,0,Small Residential Projects,Laneway / Rear Yard Suite,New Laneway / Rear Yard Suite,140,ASCOT,AVE, ,M6E,764259.0,S0924,06/01/2020,07/31/2020,04/21/2021,Closed,Proposed a new 2 storey rear laneway suite.,Detached House,Laneway Suite,1,0,150000,0,0,91.6,0,0.0,0.0,0.0,0.0,,,,,,,
25035,20 148761 BLD,0,Small Residential Projects,2 Unit - Townhouse,New Laneway / Rear Yard Suite,182,BORDEN,ST, ,M5S,11227353.0,S1138,05/26/2020,09/02/2020,11/17/2021,Closed,"PROPOSED: NEW LANE WAY SUITE  - 2 STOREYS, ONE BEDROOM, 2 BATHROOMS, 1 KITCHEN ",Sfd - Towhnhouse,2 Unit - Townhouse,1,0,25000,0,0,100,0,0.0,0.0,0.0,0.0,,,,,,,
25045,20 147445 BLD,0,Small Residential Projects,Laneway / Rear Yard Suite,New Laneway / Rear Yard Suite,435,GRACE,ST, ,M6G,815007.0,S1133,05/22/2020,08/06/2020,05/07/2021,Closed,Existing one storey rear garage to be converted into two storey laneway suite,Sfd,Three Unit,1,0,150000,0,0,53.5,0,0.0,0.0,53.5,0.0,,,,,,,
25085,20 143469 BLD,0,Small Residential Projects,Laneway / Rear Yard Suite,New Laneway / Rear Yard Suite,523,LANSDOWNE,AVE, ,M6H,8791769.0,S0933,05/07/2020,09/21/2020,03/02/2021,Closed,Proposal for a new 2 storey laneway suite.,Vacant,Laneway Suite,1,0,250000,0,0,153.9,0,0.0,0.0,0.0,0.0,,,,,,,
25165,20 144494 BLD,0,Small Residential Projects,Laneway / Rear Yard Suite,New Laneway / Rear Yard Suite,946,LOGAN,AVE, ,M4K,7568631.0,S1424,05/12/2020,09/01/2020,11/03/2021,Closed,"Proposal to construct an ancillary building with a garage and laneway suite
(SEE BP 20 144482 FOR MAIN HOUSE)",Sfd,Sfd/Laneway Suite,1,0,100000,0,0,81.69,0,0.0,0.0,0.0,0.0,,,,,,,
25274,19 220876 BLD,0,Small Residential Projects,Laneway / Rear Yard Suite,New Laneway / Rear Yard Suite,1067,SHAW,ST, ,M6G,867071.0,S1124,09/13/2019,10/22/2019,05/12/2021,Closed,Proposal to construct a new 2 storey rear laneway suite.,Vacant,Laneway Suite,1,0,2750000,0,0,60.3,0,0.0,0.0,0.0,0.0,,,,,,,
25412,19 229104 BLD,0,Small Residential Projects,SFD - Townhouse,New Laneway / Rear Yard Suite,325,PERTH,AVE, ,M6P,853574.0,S0929,09/30/2019,12/11/2019,09/23/2021,Closed,Proposal to construct a 2 storey laneway suite.,Sfd,Sfd - Laneway Suite,1,0,100000,0,0,68.6,0,0.0,0.0,0.0,0.0,,,,,,,
25485,20 114063 BLD,0,Small Residential Projects,Laneway / Rear Yard Suite,New Laneway / Rear Yard Suite,434,MONTROSE,AVE, ,M6G,10864806.0,S1132,02/10/2020,08/04/2020,07/13/2021,Closed,Proposal to convert detached garage to a laneway suite behind an existing dwelling building ,Garage,Laneway Suite,1,0,1000,0,0,0,0,0.0,0.0,60.9,0.0,,,,,,,
25488,19 262547 BLD,0,Small Residential Projects,SFD - Detached,New Laneway / Rear Yard Suite,24,BAIN,AVE, ,M4K,765984.0,S1428,12/17/2019,10/07/2020,03/24/2021,Closed,"Proposed construction of a new 2-storey laneway suite in the rear yard of the existing single family detached dwelling, ",Sfd,Sfd + Laneway Suite,1,0,50000,0,0,38.8,0,0.0,0.0,0.0,0.0,,,,,,,
25537,20 116519 BLD,0,Small Residential Projects,SFD - Detached,New Laneway / Rear Yard Suite,81,GOUGH,AVE, ,M4K,814623.0,S1425,02/18/2020,05/13/2020,05/26/2021,Closed,Proposal to construct a 2 storey laneway suite in the rear yard of new SFD-detached dwelling.,Sfd-Detached,Sfd-Detached With Laneway Suite,1,0,"50,000",0,0,121.24,0,0.0,0.0,0.0,0.0,,,,,,,
25667,20 116552 BLD,0,Small Residential Projects,Laneway / Rear Yard Suite,New Laneway / Rear Yard Suite,46,WEST LYNN,AVE, ,M4C,3936442.0,S1931,02/18/2020,08/19/2020,06/10/2021,Closed,Proposal to construct a new 2 storey lane way suite.,Vacant,Laneway Suite,1,0,99999,0,0,62.09,0,0.0,0.0,0.0,0.0,,,,,,,
25685,20 128430 BLD,0,Small Residential Projects,Laneway / Rear Yard Suite,New Laneway / Rear Yard Suite,135,PEARSON,AVE, ,M6R,9217214.0,S0435,04/03/2020,09/28/2020,11/12/2021,Closed,Proposal to demolish existing detached garage and to construct a new ancillary building containing a laneway suite.,Sfd,Laneway Suite,1,0,400000,0,0,100,0,0.0,0.0,0.0,0.0,,,,,,,
25762,19 227917 BLD,0,Small Residential Projects,Laneway / Rear Yard Suite,New Laneway / Rear Yard Suite,526,CLINTON,ST, ,M6G,784286.0,S1125,09/27/2019,11/26/2019,04/06/2021,Closed,To construct a new two storey laneway suite at rear of existing property.  No changes to existing dwelling on lot.,Sfd,Sfd - Two Storey Rear Laneway Dwelling,1,0,250000,0,0,96.44,0,0.0,0.0,0.0,0.0,,,,,,,
25787,19 220320 BLD,0,Small Residential Projects,Laneway / Rear Yard Suite,New Laneway / Rear Yard Suite,18,LANGFORD,AVE, ,M4J,10279984.0,S1425,09/12/2019,11/06/2019,05/27/2021,Closed,Proposal to construct a new rear 2 storey lane way suite.,Vacant,Laneway Suite,1,0,150000,0,0,110,0,0.0,0.0,0.0,0.0,,,,,,,
25834,19 240520 BLD,0,Small Residential Projects,Laneway / Rear Yard Suite,New Laneway / Rear Yard Suite,66,CHATHAM,AVE, ,M4J,8837454.0,S1431,10/24/2019,01/06/2020,05/07/2021,Closed,Proposal to construct a new two storey laneway suite at the rear of the existing lot. No alterations proposed to the existing main house,Sfd,Sfd/Laneway Suite,1,0,250000,0,0,46,0,0.0,0.0,0.0,0.0,,,,,,,
25886,20 117953 BLD,0,Small Residential Projects,Laneway / Rear Yard Suite,New Laneway / Rear Yard Suite,389,LESLIE,ST, ,M4M,14199900.0,S1436,02/21/2020,07/08/2020,08/31/2021,Closed,Proposed to convert existing one storey brick garage to a 2 unit laneway suite with basement underpinning and rebuild ancillary structure to a Garage.,Garage,Laneway Suite,2,0,500000,0,0,200.95,0,0.0,0.0,0.0,0.0,,,,,,,
26074,20 104043 BLD,0,Small Residential Projects,Laneway / Rear Yard Suite,New Laneway / Rear Yard Suite,9,WHITAKER,AVE, ,M6J,3125810.0,S1028,01/13/2020,09/30/2020,10/29/2021,Closed,Propose a new laneway suite in the rear yard of existing 2 unit Townhouse,2 Unit Townhouse,2 Unit Townhouse + Laneway Suite,1,0,"150,000",0,0,50,0,0.0,0.0,0.0,0.0,,,,,,,
26117,20 101789 BLD,0,Small Residential Projects,Laneway / Rear Yard Suite,New Laneway / Rear Yard Suite,43,HARCOURT,AVE, ,M4J,817452.0,S1430,01/07/2020,10/27/2020,07/06/2021,Closed,To convert existing garage into a new storey laneway suite at rear of existing detached dwelling.,Garage,Laneway Suite,1,0,75000,0,0,32.7,0,0.0,0.0,32.7,0.0,,,,,,,
26323,20 132858 BLD,0,Small Residential Projects,Laneway / Rear Yard Suite,New Laneway / Rear Yard Suite,12,GLEN STEWART,AVE, ,M4E,811709.0,S1939,04/14/2020,06/05/2020,03/05/2021,Closed,To demolish the detached garage and shed at the rear of an existing two-storey detached dwelling and to construct a two-storey laneway suite.,Garage,Laneway Suite,1,0,"200,000.00",0,0,75,0,0.0,0.0,0.0,0.0,,,,,,,
26587,19 160431 BLD,0,Small Residential Projects,Laneway / Rear Yard Suite,New Laneway / Rear Yard Suite,26,AUSTIN,AVE, ,M4M,765209.0,S1435,05/27/2019,07/22/2019,01/29/2021,Closed,Proposal to construct a new two storey laneway suite in the rear yard of the existing detached single family dwelling.,Sfd Detached,Laneway Suite,1,0,200000,0,0,141.73,0,0.0,0.0,0.0,0.0,,,,,,,
26792,19 186271 BLD,0,Small Residential Projects,Laneway / Rear Yard Suite,New Laneway / Rear Yard Suite,918,MANNING,AVE, ,M6G,837712.0,S1125,07/10/2019,02/05/2020,01/18/2021,Closed,"Proposal to convert Existing 2-Car Detached Garage into a New Laneway Suite, at the Rear Yard of an Existing SFD 2-Storey Detached House. ",Sfd,New Laneway/Rear Yard Suite,1,0,"100,000",0,0,73.8,0,0.0,0.0,0.0,0.0,,,,,,,
26814,19 148107 BLD,0,Small Residential Projects,Laneway / Rear Yard Suite,New Laneway / Rear Yard Suite,262,BEATRICE,ST, ,M6G,8393665.0,S1132,05/02/2019,11/26/2019,11/02/2021,Closed,"Proposal to demolish the detached garage and construct a 2 storey laneway suite at the rear of an existing SFD - townhouse,",Sfd-Townhouse,Townhouse.Laneway Suite (2 Units),1,0,"150,000",0,0,56,0,0.0,0.0,0.0,0.0,,,,,,,
26834,19 189117 BLD,0,Small Residential Projects,Laneway / Rear Yard Suite,New Laneway / Rear Yard Suite,407,PALMERSTON,BLVD, ,M6G,2854178.0,S1133,07/15/2019,08/14/2019,11/18/2021,Closed,Proposal to construct a new laneway suite on top of existing foundations.,Sfd,Sfd W/ Laneway Suite,1,0,100000,0,0,97.54,0,0.0,0.0,0.0,0.0,,,,,,,
9690,19 173786 BLD,0,Small Residential Projects,2 Unit - Detached,New Laneway / Rear Yard Suite,133,RIVERDALE,AVE, ,M4K,2375459.0,S1433,20190618000000,20200831000000.0,20220521000000,Closed,Proposal to cosntruct a new laneway carport with a second floor secondary suite. ,Sfd,Sfd W/ Laneway Suite,1.0,0.0,80000,0.0,0,82.0,0.0,0.0,0.0,0.0,0.0,,,,,,,
10732,19 231800 BLD,0,Small Residential Projects,Laneway / Rear Yard Suite,New Laneway / Rear Yard Suite,133,GRENADIER,RD, ,M6R,10757675.0,S0432,20191003000000,20200810000000.0,20220630000000,Closed,Proposal to construct a new 2 storey laneway suite.,Vacant,Laneway Suite,1.0,0.0,250000,0.0,0,85.7,0.0,0.0,0.0,0.0,0.0,,,,,,,
11182,19 254598 BLD,0,Small Residential Projects,2 Unit - Detached,New Laneway / Rear Yard Suite,122,D'ARCY,ST, ,M5T,789358.0,S1144,20191127000000,20200304000000.0,20221205000000,Closed,Proposed interior alterations to existing detached garage to convert to a new lane way suite.  ,Sfd,Sfd Lane Way Suit,1.0,0.0,250000,0.0,0,91.0,0.0,0.0,0.0,0.0,0.0,,,,,,,
11183,19 254598 BLD,2,Small Residential Projects,2 Unit - Detached,New Laneway / Rear Yard Suite,122,D'ARCY,ST, ,M5T,789358.0,S1144,20201211000000,20210106000000.0,20221205000000,Closed,REVISION 2 - as built drawingsProposed interior alterations to existing detached garage to convert to a new lane way suite.  ,Sfd,Sfd Lane Way Suit,0.0,0.0,0,0.0,0,0.0,0.0,0.0,0.0,0.0,0.0,,,,,,,
11184,19 254598 BLD,1,Small Residential Projects,2 Unit - Detached,New Laneway / Rear Yard Suite,122,D'ARCY,ST, ,M5T,789358.0,S1144,20200511000000,20221203000000.0,20221205000000,Closed,Revision 01 - Proposal to revise side walls typeProposed interior alterations to existing detached garage to convert to a new lane way suite.  ,Sfd,Sfd Lane Way Suit,0.0,0.0,0,0.0,0,0.0,0.0,0.0,0.0,0.0,0.0,,,,,,,
12119,20 122356 BLD,0,Small Residential Projects,Laneway / Rear Yard Suite,New Laneway / Rear Yard Suite,980,OSSINGTON,AVE, ,M6G,850239.0,S0932,20200305000000,20200901000000.0,20220310000000,Closed,Proposal to construct a 1 storey laneway suite with finished basement  in the rear yard of the existing single family dwelling.,Sfd-Townhouse/Garage,Sfd-Townhouse/Laneway Suite,1.0,0.0,"250,000",0.0,0,53.51,0.0,0.0,0.0,0.0,0.0,,,,,,,
12617,20 132717 BLD,0,Small Residential Projects,Laneway / Rear Yard Suite,New Laneway / Rear Yard Suite,24,SORAUREN,AVE, ,M6R,10223803.0,S0435,20200414000000,20200921000000.0,20220527000000,Closed,"Proposal to make exterior/interior alterations to existing empty buidling for a laneway suite. New roof, interior insulation and interior partitions. ",Garage/Storage,Laneway Suite,1.0,0.0,300000,0.0,0,0.0,0.0,0.0,0.0,265.76,0.0,,,,,,,
12761,20 138131 BLD,0,Small Residential Projects,Laneway / Rear Yard Suite,New Laneway / Rear Yard Suite,77,FULLER,AVE, ,M6R,10223502.0,S0435,20200424000000,20200707000000.0,20220307000000,Closed,Proposal to demolish rear detached garage and construct new 2 storey laneway suite in the rear yard of an existing single family detached dwelling.,Garage,Laneway Suite,1.0,0.0,350000,0.0,0,59.7,0.0,0.0,0.0,0.0,0.0,,,,,,,
12862,20 142369 BLD,0,Small Residential Projects,Laneway / Rear Yard Suite,New Laneway / Rear Yard Suite,331,DONLANDS,AVE, ,M4J,10410574.0,S1423,20200505000000,20200804000000.0,20220203000000,Closed,Proposal to demolish existing garage & construct 2-storey laneway suite.,Garage,Laneway Suite,1.0,0.0,200000,0.0,0,84.17,0.0,0.0,0.0,0.0,0.0,,,,,,,
12908,20 143816 BLD,0,Small Residential Projects,Laneway / Rear Yard Suite,New Laneway / Rear Yard Suite,60,BEVERLEY,ST, ,M5T,2842499.0,S1024,20200508000000,20210128000000.0,20220512000000,Closed,"Alter detached garage as constructed - see permit 2019 119233 BLD 00 SR to construct a one storey plus basement, laneway suite ",Single Family,Laneway Suite,1.0,0.0,"140,000",0.0,0,61.86,0.0,0.0,0.0,0.0,0.0,,,,,,,
13623,20 153894 BLD,1,Small Residential Projects,Laneway / Rear Yard Suite,New Laneway / Rear Yard Suite,916,MANNING,AVE, ,M6G,837711.0,S1125,20211213000000,20220609000000.0,20221109000000,Closed,Revision 01: As per revised drawings.,Garage,Two Storey Laneway Suite,0.0,0.0,0,0.0,0,0.0,0.0,0.0,0.0,0.0,0.0,,,,,,,
13624,20 153894 BLD,0,Small Residential Projects,Laneway / Rear Yard Suite,New Laneway / Rear Yard Suite,916,MANNING,AVE, ,M6G,837711.0,S1125,20200609000000,20210721000000.0,20221109000000,Closed,To construct rear yard laneway suite,Garage,Two Storey Laneway Suite,1.0,0.0,200000.00,0.0,0,111.5,0.0,0.0,0.0,0.0,0.0,,,,,,,
13680,20 155082 BLD,0,Small Residential Projects,Laneway / Rear Yard Suite,New Laneway / Rear Yard Suite,864,DOVERCOURT,RD, ,M6H,10877754.0,S0931,20200611000000,20200925000000.0,20221103000000,Closed,Proposal to construct new two-storey laneway suite (150m2) at rear of existing dwelling.,Dwelling Building,Dwelling Building And Laneway Suite At Rear,1.0,0.0,350000,0.0,0,150.0,0.0,0.0,0.0,0.0,0.0,,,,,,,
13681,20 155082 BLD,1,Small Residential Projects,Laneway / Rear Yard Suite,New Laneway / Rear Yard Suite,864,DOVERCOURT,RD, ,M6H,10877754.0,S0931,20201117000000,20201202000000.0,20221103000000,Closed,Revision 01. For window changesProposal to construct new two-storey laneway suite (150m2) at rear of existing dwelling.,Dwelling Building,Dwelling Building And Laneway Suite At Rear,0.0,0.0,0,0.0,0,0.0,0.0,0.0,0.0,0.0,0.0,,,,,,,
13912,20 160736 BLD,1,Small Residential Projects,3+ Unit - Detached,New Laneway / Rear Yard Suite,100,GARDEN,AVE, ,M6R,8007683.0,S0435,20201104000000,20201119000000.0,20221005000000,Closed,Revision to the building permit see  bubble area on the plans. Demolish existing garage and construct a new laneway suite**** See ZZC Drawings. C of A Hearing Scheduled. ****,2 Family Dwelling House, Laneway Suite,0.0,0.0,0,0.0,0,0.0,0.0,0.0,0.0,0.0,0.0,,,,,,,
13913,20 160736 BLD,0,Small Residential Projects,3+ Unit - Detached,New Laneway / Rear Yard Suite,100,GARDEN,AVE, ,M6R,8007683.0,S0435,20200626000000,20200924000000.0,20221005000000,Closed,Demolish existing garage and construct a new laneway suite**** See ZZC Drawings. C of A Hearing Scheduled. ****,2 Family Dwelling House, Laneway Suite,1.0,0.0,140000,0.0,0,145.0,0.0,0.0,0.0,0.0,0.0,,,,,,,
14100,20 165834 BLD,0,Small Residential Projects,Laneway / Rear Yard Suite,New Laneway / Rear Yard Suite,18,VERMONT,AVE, ,M6G,878219.0,S1125,20200710000000,20201117000000.0,20220114000000,Closed,Proposal to demolish existing one storey detached garage and to construct a new two storey lane way suite ,Detached Garage,Laneway Suite,1.0,0.0,"400,000.00",0.0,0,139.72,0.0,0.0,0.0,0.0,0.0,,,,,,,
14101,20 165834 BLD,1,Small Residential Projects,2 Unit - Detached,New Laneway / Rear Yard Suite,18,VERMONT,AVE, ,M6G,878219.0,S1125,20210426000000,20210525000000.0,20220114000000,Closed,REV - 01 for a new washroomProposal to demolish existing one storey detached garage and to construct a new two storey lane way suite ,Detached Garage,Laneway Suite,1.0,0.0,0,0.0,0,0.0,0.0,0.0,0.0,0.0,0.0,,,,,,,
14560,20 179881 BLD,0,Small Residential Projects,Laneway / Rear Yard Suite,New Laneway / Rear Yard Suite,5,MARIPOSA,AVE, ,M6N,67817.0,W0539,20200813000000,20201019000000.0,20220215000000,Closed,To alter existing rear garage to two storey laneway suite containing two units,Rear Garage,Two Unit Laneway Suite,2.0,0.0,250000,0.0,0,153.0,0.0,0.0,0.0,0.0,0.0,,,,,,,
14586,20 180122 BLD,0,Small Residential Projects,Laneway / Rear Yard Suite,New Laneway / Rear Yard Suite,531,DELAWARE,AVE,N,   ,2854145.0,S0928,20200813000000,20210201000000.0,20220630000000,Closed,Proposal to construct a new two storey laneway suite. ,Sfd,Sfd W/ Laneway Suite,1.0,0.0,100000,0.0,0,93.0,0.0,0.0,0.0,0.0,0.0,,,,,,,
15333,20 195738 BLD,0,Small Residential Projects,Laneway / Rear Yard Suite,New Laneway / Rear Yard Suite,94,HELENA,AVE, ,M6G,819227.0,S1235,20200918000000,20210330000000.0,20220803000000,Closed,Two storey rear garage/laneway suite ,Sfd,Rear Yard Laneway Suite On Lot With Proposed Sfd Detached,1.0,0.0,300000,0.0,0,62.99,0.0,0.0,0.0,0.0,0.0,,,,,,,
15343,20 196282 BLD,0,Small Residential Projects,Laneway / Rear Yard Suite,New Laneway / Rear Yard Suite,96,HELENA,AVE, ,M6G,819229.0,S1235,20200921000000,20210331000000.0,20220803000000,Closed,New Laneway / Rear Yard Suite sharing lot with new single family detached,Sfd,Sfd,1.0,0.0,400000,0.0,0,62.99,0.0,0.0,0.0,0.0,0.0,,,,,,,
15347,20 196379 BLD,0,Small Residential Projects,SFD - Semi-Detached,New Laneway / Rear Yard Suite,58,BEACONSFIELD,AVE, ,M6J,7553240.0,S0937,20200921000000,20201117000000.0,20220921000000,Closed,"Proposal for the construction of a new two storey laneway suite, no alterations to the existing house.**** See ZZC Drawings ****",Semi,Laneway Suite ,1.0,0.0,"450,000",0.0,0,111.4,0.0,0.0,0.0,0.0,0.0,,,,,,,
15780,20 206333 BLD,1,Small Residential Projects,2 Unit - Semi-detached,New Laneway / Rear Yard Suite,39,SUMMERHILL,AVE, ,M4T,7944423.0,S1121,20211210000000,20211221000000.0,20221128000000,Closed,REVISION - revised dwelling suite layoutDemolish existing garage and construct a new two storey laneway suite,Sfd-Semi Detached,2+Unit Semi Detached W/Laneway Suite,0.0,0.0,0,0.0,0,0.0,0.0,0.0,0.0,0.0,0.0,,,,,,,
15781,20 206333 BLD,0,Small Residential Projects,2 Unit - Semi-detached,New Laneway / Rear Yard Suite,39,SUMMERHILL,AVE, ,M4T,7944423.0,S1121,20201014000000,20210914000000.0,20221128000000,Closed,Demolish existing garage and construct a new two storey laneway suite,Sfd-Semi Detached,2+Unit Semi Detached W/Laneway Suite,1.0,0.0,200000,0.0,0,49.51,0.0,0.0,0.0,0.0,0.0,,,,,,,
16101,20 213993 BLD,0,Small Residential Projects,Laneway / Rear Yard Suite,New Laneway / Rear Yard Suite,275,RUSHOLME,RD, ,M6H,2809460.0,S0934,20201102000000,20210413000000.0,20221012000000,Closed,To construct laneway suite with three car garage.**** ISSUE AT THE SAME TIME AS MAIN HOUSE PERMIT ****,Sfd,Sfd - Laneway House,1.0,0.0,550000.00,0.0,0,153.29,0.0,0.0,0.0,0.0,0.0,,,,,,,
16102,20 213993 BLD,1,Small Residential Projects,2 Unit - Detached,New Laneway / Rear Yard Suite,275,RUSHOLME,RD, ,M6H,2809460.0,S0934,20211110000000,20211126000000.0,20221012000000,Closed,Revision 01. Revisions to existing building permit to show fire separation with fire resistance rating between garage and laneway suite above and modifications to structural members from pre-engineered floor and ceiling joists to conventional framing supported by steel beams and columns.To construct laneway suite with three car garage.**** ISSUE AT THE SAME TIME AS MAIN HOUSE PERMIT ****,Sfd,Sfd - Laneway House,1.0,0.0,0,0.0,0,0.0,0.0,0.0,0.0,0.0,0.0,,,,,,,
16717,20 225601 BLD,0,Small Residential Projects,Laneway / Rear Yard Suite,New Laneway / Rear Yard Suite,254,CARLTON,ST, ,M5A,9980613.0,S1327,20201204000000,20210312000000.0,20220620000000,Closed,Proposal to demolish the existing rear yard garage to construct a new two storey laneway suite at the rear of the existing lot - no alterations proposed to the existing main house. ,Sfd,Sdf W/Laneway Suite,1.0,0.0,400000,0.0,0,99.7,0.0,0.0,0.0,0.0,0.0,,,,,,,
17443,21 104148 BLD,0,Small Residential Projects,Laneway / Rear Yard Suite,New Laneway / Rear Yard Suite,263,PAPE,AVE, ,M4M,851587.0,S1435,20210113000000,20210719000000.0,20221021000000,Closed,Proposed new Laneway suite in the rear of the existing semi - detached house.,Semi,New Laneway Suite,1.0,0.0,"200,000.00",0.0,0,59.55,0.0,0.0,0.0,0.0,0.0,,,,,,,
18122,21 116024 BLD,0,Small Residential Projects,Laneway / Rear Yard Suite,New Laneway / Rear Yard Suite,30,SALEM,AVE, ,M6H,8432115.0,S0931,20210212000000,20210311000000.0,20220307000000,Closed,Proposal to demolish the existing garage and build a new laneway suite at rear of the existing house. ,Garage,Laneway House,1.0,0.0,"107,720",0.0,0,54.34,0.0,0.0,0.0,0.0,0.0,,,,,,,
18400,21 120409 BLD,0,Small Residential Projects,Laneway / Rear Yard Suite,New Laneway / Rear Yard Suite,85,RAVINA,CRES, ,M4J,857754.0,S1431,20210225000000,20210419000000.0,20220816000000,Closed,Proposal to construct a new two storey laneway suite at the rear yard - no alterations to the existing main semi detached dwelling. ,Sfd - Semi Detached,Sfd - Semi Detached With Laneway Suite,1.0,0.0,200000,0.0,0,55.0,0.0,0.0,0.0,0.0,0.0,,,,,,,
18936,21 129422 BLD,1,Small Residential Projects,Laneway / Rear Yard Suite,New Laneway / Rear Yard Suite,11,MERRILL,AVE,W,M4C,2565800.0,S1931,20210819000000,20210909000000.0,20220110000000,Closed,Rev 01: Revisions to design Proposal to construct a new two-storey laneway suite at the rear of an existing single family detached dwelling.,Sfd - Detached,Sfd - Detached + Laneway Suite,1.0,0.0,0,0.0,0,13.25,0.0,0.0,0.0,0.0,0.0,,,,,,,
18937,21 129422 BLD,0,Small Residential Projects,Laneway / Rear Yard Suite,New Laneway / Rear Yard Suite,11,MERRILL,AVE,W,M4C,2565800.0,S1931,20210319000000,20210510000000.0,20220110000000,Closed,Proposal to construct a new two-storey laneway suite at the rear of an existing single family detached dwelling.,Sfd - Detached,Sfd - Detached + Laneway Suite,1.0,0.0,200000,0.0,0,65.75,0.0,0.0,0.0,0.0,0.0,,,,,,,
19204,21 135210 BLD,0,Small Residential Projects,Laneway / Rear Yard Suite,New Laneway / Rear Yard Suite,124,GEOFFREY,ST, ,M6R,8008507.0,S0433,20210401000000,20210505000000.0,20221017000000,Closed,The proposal for a laneway suite with integral garage and install plumbing fixtures,Garage - With Main Dwelling Triplex,Laneway Suite,1.0,0.0,"50,000",0.0,0,94.0,0.0,0.0,0.0,0.0,0.0,,,,,,,
19870,21 145305 BLD,0,Small Residential Projects,Laneway / Rear Yard Suite,New Laneway / Rear Yard Suite,160,BARTLETT,AVE, ,M6H,9246339.0,S0931,20210424000000,20210531000000.0,20220104000000,Closed,Proposal to convert existing rear detached garage into a two storey laneway suite.**** See ZZC Drawings ****,Detached Garage,Laneway Suite,1.0,0.0,"350,000",0.0,0,116.8,0.0,0.0,0.0,0.0,0.0,,,,,,,
20146,21 148896 BLD,0,Small Residential Projects,SFD - Semi-Detached,New Laneway / Rear Yard Suite,47,LEWIS,ST, ,M4M,8292887.0,S1440,20210502000000,20210917000000.0,20220414000000,Closed,Construct a new laneway suite located at the rear back lane.,Sfd - Semi-Detached,New Laneway Suite,1.0,0.0,200000,0.0,0,57.14,0.0,0.0,0.0,0.0,0.0,,,,,,,
20257,21 150593 BLD,0,Small Residential Projects,2 Unit - Townhouse,New Laneway / Rear Yard Suite,161,LISGAR,ST, ,M6J,7553069.0,S0937,20210505000000,20210816000000.0,20220826000000,Closed,Construct a laneway suite for a 3rd unit. hanged to laneway suite as a second dwelling unit.,Sfd-Ownhouse,2+Unit Townhouse - Laneway Suite,1.0,0.0,200000,0.0,0,91.78,0.0,0.0,0.0,0.0,0.0,,,,,,,
20567,21 154741 BLD,0,Small Residential Projects,2 Unit - Detached,New Laneway / Rear Yard Suite,15,TROWELL,AVE, ,M6M,74983.0,W0537,20210514000000,20210920000000.0,20221005000000,Closed,Proposed new laneway house as an extension to the existing detached garage.,Sfd,2 Unit - Detached,1.0,0.0,"300,000",0.0,0,177.0,0.0,0.0,0.0,0.0,0.0,,,,,,,
20576,21 154897 BLD,0,Small Residential Projects,Laneway / Rear Yard Suite,New Laneway / Rear Yard Suite,217,CHRISTIE,ST, ,M6G,8009349.0,S1125,20210514000000,20210615000000.0,20221219000000,Closed,Proposal to remove existing garage and replace it with laneway suiteOption # 2: Strobe Light & Increased spatial Separation,Sfd Detached,Detached + Laneway Suite,1.0,0.0,"500,000",0.0,0,90.07,0.0,0.0,0.0,0.0,0.0,,,,,,,
20614,21 155265 BLD,0,Small Residential Projects,Laneway / Rear Yard Suite,New Laneway / Rear Yard Suite,96,WILTSHIRE,AVE, ,M6N,883505.0,S0926,20210515000000,20210602000000.0,20221208000000,Closed,Proposed: removal of an existing detached garage structure and the construction of a new two storey laneway suite at the rear of the existing lot. No alterations are proposed to the existing semi-detached two storey dwelling. **** See ZZC Drawings ****,Sfd  - Townhouse,New Laneway Suite,1.0,0.0,300000,0.0,0,91.7,0.0,0.0,0.0,0.0,0.0,,,,,,,
20667,21 156117 BLD,0,Small Residential Projects,Laneway / Rear Yard Suite,New Laneway / Rear Yard Suite,165,WYCHWOOD,AVE, ,M6C,78441.0,S1229,20210517000000,20210714000000.0,20220804000000,Closed,Proposal to construct a new 2 storey laneway suite at the rear of an existing detached dwelling with 2 units.,Sfd - Rear Garage,Sfd - New Laneway Suite,1.0,0.0,"400,000",0.0,0,135.71,0.0,0.0,0.0,0.0,0.0,,,,,,,
21071,21 164018 BLD,0,Small Residential Projects,Laneway / Rear Yard Suite,New Laneway / Rear Yard Suite,398,WESTMORELAND,AVE,N,M6H,8016556.0,S0928,20210601000000,20211027000000.0,20220629000000,Closed,Proposal for a 2 storey laneway suite with integral Garage to the existing 3 Units House. ,Vacant,Laneway Suite,1.0,0.0,90000,0.0,0,111.54,0.0,0.0,0.0,0.0,0.0,,,,,,,
21187,21 166082 BLD,0,Small Residential Projects,Laneway / Rear Yard Suite,New Laneway / Rear Yard Suite,457,EUCLID,AVE, ,M6G,6522826.0,S1133,20210605000000,20210805000000.0,20221018000000,Closed,"New laneway suite consisting of new foundation walls, exterior walls, interior partitions and new hvac and plumbing.",Sfd - Rear Garage,Rear Garage - Laneway Suite,1.0,0.0,"350,000",0.0,0,101.2,0.0,0.0,0.0,0.0,0.0,,,,,,,
21347,21 168282 BLD,0,Small Residential Projects,Laneway / Rear Yard Suite,New Laneway / Rear Yard Suite,201,PICKERING,ST, ,M4E,854024.0,S1936,20210609000000,20210922000000.0,20220916000000,Closed,Proposal to construct a new two storey laneway suite.Refer to related Zoning Certificate and CofA approval. ,Sfd,Sfd W/Laneway Suite,1.0,0.0,300000,0.0,0,74.54,0.0,0.0,0.0,0.0,0.0,,,,,,,
21370,21 168828 BLD,0,Small Residential Projects,2 Unit - Detached,New Laneway / Rear Yard Suite,119,HALLAM,ST, ,M6H,8015660.0,S0932,20210610000000,20210715000000.0,20220531000000,Closed,Proposal to demolish existing detached garage and construct a new laneway suite,Sfd Detached,Detached + Laneway Suite,1.0,0.0,"400,000",0.0,0,103.0,0.0,0.0,0.0,0.0,0.0,,,,,,,
21538,21 171303 BLD,0,Small Residential Projects,Laneway / Rear Yard Suite,New Laneway / Rear Yard Suite,436,CLINTON,ST, ,M6G,8417048.0,S1125,20210616000000,20210719000000.0,20221209000000,Closed,Proposal for a new two storey laneways suite located at the rear of the existing lot. No alterations proposed to the existing semi detached single family dwelling with a secondary suite. ,Sfd W/Secondary Suite (2 Units),Sfd W/Secondary Suite & Laneway Suite (3 Units),1.0,0.0,350000,0.0,0,103.8,0.0,0.0,0.0,0.0,0.0,,,,,,,
22252,21 180066 BLD,0,Small Residential Projects,Laneway / Rear Yard Suite,New Laneway / Rear Yard Suite,529,PALMERSTON,BLVD, ,M6G,10864971.0,S1133,20210706000000,20210817000000.0,20221027000000,Closed,Proposal to demolish the existing garage and construct a new two storey laneway suite,Sfd,Sfd W/ Laneway Suite,1.0,0.0,600000,0.0,0,148.1,0.0,0.0,0.0,0.0,0.0,,,,,,,
22435,21 182295 BLD,0,Small Residential Projects,2 Unit - Detached,New Laneway / Rear Yard Suite,78,ALCINA,AVE, ,M6G,761848.0,S1235,20210709000000,20210729000000.0,20221021000000,Closed,New two storey laneway suite at the rear of the existing lot.  No alterations proposed to the existing semi-detached dwelling.,Semi-Detached,Semi-Detached + Laneway Suite,1.0,0.0,"300,000",0.0,0,101.2,0.0,0.0,0.0,0.0,0.0,,,,,,,
22568,21 184061 BLD,0,Small Residential Projects,2 Unit - Semi-detached,New Laneway / Rear Yard Suite,189,BOOTH,AVE, ,M4M,2687524.0,S1440,20210714000000,20211108000000.0,20220310000000,Closed,Proposal to construct a new rear yard one storey laneway suite.,Single Family Dwelling,Laneway Suite,1.0,0.0,50000,0.0,0,17.84,0.0,0.0,0.0,0.0,0.0,,,,,,,
22588,21 184268 BLD,0,Small Residential Projects,Laneway / Rear Yard Suite,New Laneway / Rear Yard Suite,229,MANOR,RD,E,M4S,837868.0,N1530,20210714000000,20210831000000.0,20220519000000,Closed,Proposal to demolish existing garage to construct new 2 storey laneway suite with garage at laneway of existing 2-Unit Single Family Dwelling,2 Unit Sfd,2 Unit Sfd With Laneway Suite,1.0,0.0,350000,0.0,0,76.4,0.0,0.0,0.0,0.0,0.0,,,,,,,
23967,21 204362 BLD,0,Small Residential Projects,Laneway / Rear Yard Suite,New Laneway / Rear Yard Suite,108,MOBERLY,AVE, ,M4C,7792209.0,S1931,20210826000000,20210916000000.0,20221211000000,Closed,Proposal for the removal of the existing garage and construction of a new two storey laneway suite at the rear of the existing lot. No alterations proposed to the existing main house.,Sfd,Sfd W/Laneway Suite,1.0,0.0,450000,0.0,0,133.0,0.0,0.0,0.0,0.0,0.0,,,,,,,
24116,21 206729 BLD,0,Small Residential Projects,Laneway / Rear Yard Suite,New Laneway / Rear Yard Suite,31,CAVELL,AVE, ,M4K,11046545.0,S1429,20210831000000,20211004000000.0,20221121000000,Closed,Demolish garage and construct new two-storey laneway suite.Refer to related ZZC and CofA approval. ,Sfd-Detached,New Laneway Suite,1.0,0.0,400000,0.0,0,95.0,0.0,0.0,0.0,0.0,0.0,,,,,,,
24813,21 217331 BLD,0,Small Residential Projects,Laneway / Rear Yard Suite,New Laneway / Rear Yard Suite,12,NEEPAWA,AVE, ,M6R,8030712.0,S0433,20210924000000,20211202000000.0,20221214000000,Closed,Construct a new rear two storey laneway suite ,Sfd,Sfd - Rear Laneway Suite,1.0,0.0,300000.00,0.0,0,89.22,0.0,0.0,0.0,0.0,0.0,,,,,,,
26291,21 239668 BLD,0,Small Residential Projects,Laneway / Rear Yard Suite,New Laneway / Rear Yard Suite,131,BROCK,AVE, ,M6K,776843.0,S0936,20211119000000,20211208000000.0,20220524000000,Closed,Proposal for a new two storey laneway suite at rear of the existing semi-detached house. ,Vacant,Laneway Suite,1.0,0.0,"300,000",0.0,0,62.86,0.0,0.0,0.0,0.0,0.0,,,,,,,
