,_id,PERMIT_NUM,REVISION_NUM,PERMIT_TYPE,STRUCTURE_TYPE,WORK,STREET_NUM,STREET_NAME,STREET_TYPE,STREET_DIRECTION,POSTAL,GEO_ID,WARD_GRID,APPLICATION_DATE,ISSUED_DATE,COMPLETED_DATE,STATUS,DESCRIPTION,CURRENT_USE,PROPOSED_USE,DWELLING_UNITS_CREATED,DWELLING_UNITS_LOST,EST_CONST_COST,ASSEMBLY,INSTITUTIONAL,RESIDENTIAL,BUSINESS_AND_PERSONAL_SERVICES,MERCANTILE,INDUSTRIAL,INTERIOR_ALTERATIONS,DEMOLITION,BUILDER_NAME
169544,169545,19 147633 BLD,0,Small Residential Projects,Laneway / Rear Yard Suite,New Laneway / Rear Yard Suite,23,HELENA,AVE, ,M6G,819157.0,S1235,2019-05-01,2021-09-01,2023-10-26,Closed,Proposal to demolish existing detached garage and construct new two-storey laneway suite. ,Sfd,Sfd W/Laneway Suite,1.0,0.0,"250,000",0.0,0.0,66.72,0.0,0.0,0.0,0.0,0.0,
169545,169546,19 147633 BLD,1,Small Residential Projects,Laneway / Rear Yard Suite,New Laneway / Rear Yard Suite,23,HELENA,AVE, ,M6G,819157.0,S1235,2022-08-15,2022-11-04,2023-10-26,Closed,"REV 01: NEW FOUNDATION DESIGN, REVISION TO CONSTRUCTION ASSEMBLY OF WEST WALL, ADDITION OF 1"" EXTERIOR INSULATION TO WALLS andADDITION OF ROOF INSULATION.Proposal to demolish existing detached garage and construct new two-storey laneway suite. ",Sfd,Sfd W/Laneway Suite,1.0,0.0,0,0.0,0.0,0.0,0.0,0.0,0.0,0.0,0.0,
180180,180181,19 207174 BLD,1,Small Residential Projects,Laneway / Rear Yard Suite,New Laneway / Rear Yard Suite,376,SUMACH,ST, ,M4X,2617496.0,S1327,2020-07-17,2020-07-27,2023-03-10,Closed,Revision to Energy Efficiency Design Summary form - partial demolition of the existing rear garage and to construct a new 2 storey laneway suite.,Detached Garage,Laneway Suite,0.0,0.0,0,0.0,0.0,0.0,0.0,0.0,0.0,0.0,0.0,
180181,180182,19 207174 BLD,2,Small Residential Projects,Laneway / Rear Yard Suite,New Laneway / Rear Yard Suite,376,SUMACH,ST, ,M4X,2617496.0,S1327,2020-09-25,2020-10-20,2023-03-10,Closed,Revision 01: changes to the structural framingRevision to Energy Efficiency Design Summary form - partial demolition of the existing rear garage and to construct a new 2 storey laneway suite.,Detached Garage,Laneway Suite,0.0,0.0,0,0.0,0.0,0.0,0.0,0.0,0.0,0.0,0.0,
180182,180183,19 207174 BLD,0,Small Residential Projects,Laneway / Rear Yard Suite,New Laneway / Rear Yard Suite,376,SUMACH,ST, ,M4X,2617496.0,S1327,2019-08-16,2020-06-19,2023-03-10,Closed,Proposal for the partial demolition of the existing rear garage and to construct a new 2 storey laneway suite.,Detached Garage,Laneway Suite,1.0,0.0,300000,0.0,0.0,113.0,0.0,0.0,0.0,0.0,0.0,
182630,182631,19 221675 BLD,3,Small Residential Projects,2 Unit - Detached,New Laneway / Rear Yard Suite,568,DOVERCOURT,RD, ,M6H,8392741.0,S0934,2022-08-05,2023-02-09,2023-09-07,Closed,"Revision #03 - Proposed fire system. REVISION 2 - changes to height of building and interior layout and hvac redesign due to relocation of mechanical roomBLD, PLB, DRN - Proposal to construct a new two storey laneway suite with a basement",Sfd,Sfd W/ Laneway Suite,0.0,0.0,0,0.0,0.0,0.0,0.0,0.0,0.0,0.0,0.0,
182631,182632,19 221675 BLD,5,Small Residential Projects,Laneway / Rear Yard Suite,New Laneway / Rear Yard Suite,568,DOVERCOURT,RD, ,M6H,8392741.0,S0934,2023-05-23,2023-06-02,2023-09-07,Closed,Revision - 05:  to remove detectors and interior strobe systemsOption 1: Automatic sprinkler; exterior strobe light and smoke alarms/warning system to be provided.,Sfd,Sfd W/ Laneway Suite,1.0,0.0,0,0.0,0.0,0.0,0.0,0.0,0.0,0.0,0.0,
182632,182633,19 221675 BLD,6,Small Residential Projects,Laneway / Rear Yard Suite,New Laneway / Rear Yard Suite,568,DOVERCOURT,RD, ,M6H,8392741.0,S0934,2023-07-21,2023-08-15,2023-09-07,Closed,"REVISION 06: FIRE SERVICE.  SPRINKLERS SYSTEMS TO SUIT AS BUILT REQUEST FROM INSPECTOR.BLD, PLB, DRN - Proposal to construct a new two storey laneway suite with a basement",Sfd,Sfd W/ Laneway Suite,1.0,0.0,0,0.0,0.0,0.0,0.0,0.0,0.0,0.0,0.0,
182633,182634,19 221675 BLD,4,Small Residential Projects,Laneway / Rear Yard Suite,New Laneway / Rear Yard Suite,568,DOVERCOURT,RD, ,M6H,8392741.0,S0934,2022-10-25,2022-11-08,2023-09-07,Closed,Revision 04: Proposal to keep the oriel window and lda agreement in place,Sfd,Sfd W/ Laneway Suite,1.0,0.0,0,0.0,0.0,0.0,0.0,0.0,0.0,0.0,0.0,
182634,182635,19 221675 BLD,2,Small Residential Projects,2 Unit - Detached,New Laneway / Rear Yard Suite,568,DOVERCOURT,RD, ,M6H,8392741.0,S0934,2022-02-18,2022-03-10,2023-09-07,Closed,"REVISION 2 - changes to height of building and interior layout and hvac redesign due to relocation of mechanical roomBLD, PLB, DRN - Proposal to construct a new two storey laneway suite with a basement",Sfd,Sfd W/ Laneway Suite,0.0,0.0,0,0.0,0.0,0.0,0.0,0.0,0.0,0.0,0.0,
182635,182636,19 221675 BLD,0,Small Residential Projects,Laneway / Rear Yard Suite,New Laneway / Rear Yard Suite,568,DOVERCOURT,RD, ,M6H,8392741.0,S0934,2019-09-16,2020-02-18,2023-09-07,Closed,"BLD, PLB, DRN - Proposal to construct a new two storey laneway suite with a basement",Sfd,Sfd W/ Laneway Suite,1.0,0.0,350000,0.0,0.0,159.68,0.0,0.0,0.0,0.0,0.0,
182636,182637,19 221675 BLD,1,Small Residential Projects,2 Unit - Detached,New Laneway / Rear Yard Suite,568,DOVERCOURT,RD, ,M6H,8392741.0,S0934,2021-08-05,2021-11-15,2023-09-07,Closed,"REVISION - relocate laneway suite, interior layout changes, delete basement, changes to exterior finishesBLD, PLB, DRN - Proposal to construct a new two storey laneway suite with a basement",Sfd,Sfd W/ Laneway Suite,1.0,0.0,0,0.0,0.0,0.0,0.0,0.0,0.0,0.0,0.0,
186837,186838,19 243644 BLD,0,Small Residential Projects,Laneway / Rear Yard Suite,New Laneway / Rear Yard Suite,1170,OSSINGTON,AVE, ,M6G,850342.0,S0928,2019-10-31,2020-09-10,2023-05-30,Closed,Proposal to construct a new 2 storey ancillary building containing a laneway suite.,Vacant,Laneway Suite,1.0,0.0,300000,0.0,0.0,86.23,0.0,0.0,0.0,0.0,0.0,ALLADIN CONSTRUCTION
189133,189134,19 255117 BLD,0,Small Residential Projects,Laneway / Rear Yard Suite,New Laneway / Rear Yard Suite,107,STRATHMORE,BLVD, ,M4J,7846401.0,S1427,2019-11-28,2021-11-08,2023-04-14,Closed,Proposal for a new 2nd storey over existing rear detached garage (garage constructed in 2018) to convert to a lane way suite.,Garage,Laneway Suite,1.0,0.0,100000,0.0,0.0,66.56,0.0,0.0,0.0,0.0,0.0,
189134,189135,19 255117 BLD,1,Small Residential Projects,Laneway / Rear Yard Suite,New Laneway / Rear Yard Suite,107,STRATHMORE,BLVD, ,M4J,7846401.0,S1427,2022-02-28,2022-04-29,2023-04-14,Closed,REV 01-  Revision to permit 19 255117 AS IDENTIFIED,Garage,Laneway Suite,1.0,0.0,0,0.0,0.0,0.0,0.0,0.0,0.0,0.0,0.0,
189246,189247,19 255708 BLD,0,Small Residential Projects,Laneway / Rear Yard Suite,New Laneway / Rear Yard Suite,543,EUCLID,AVE, ,M6G,803200.0,S1133,2019-11-29,2020-11-30,2023-11-07,Closed,Proposal for a new laneway suite at rear of existing detached dwelling.,Sfd,Sfd W/ Laneway Suite,1.0,0.0,300000,0.0,0.0,88.0,0.0,0.0,0.0,0.0,0.0,
189247,189248,19 255708 BLD,2,Small Residential Projects,Laneway / Rear Yard Suite,New Laneway / Rear Yard Suite,543,EUCLID,AVE, ,M6G,803200.0,S1133,2022-10-21,2022-11-04,2023-11-07,Closed,Revision 02 - addition of grading plan ,Sfd,Sfd W/ Laneway Suite,1.0,0.0,0,0.0,0.0,0.0,0.0,0.0,0.0,0.0,0.0,
189248,189249,19 255708 BLD,1,Small Residential Projects,Laneway / Rear Yard Suite,New Laneway / Rear Yard Suite,543,EUCLID,AVE, ,M6G,803200.0,S1133,2022-01-31,2022-02-15,2023-11-07,Closed,REV 01: Proposal to change the footings of proposed laneway suite from block to poured.Proposal for a new laneway suite at rear of existing detached dwelling.,Sfd,Sfd W/ Laneway Suite,1.0,0.0,0,0.0,0.0,0.0,0.0,0.0,0.0,0.0,0.0,
197799,197800,20 134148 BLD,2,Small Residential Projects,Laneway / Rear Yard Suite,New Laneway / Rear Yard Suite,58,ST CLARENS,AVE, ,M6K,11774688.0,S0936,2021-03-16,2021-05-05,2023-03-07,Closed,REV 02 - Changes as per bubbled drawings. Side Walls (Section B)&New front setbacks Revision 1: See attachedProposed second storey addition and interior alterations to the existing detached garage to convert to a new laneway suite.,Garage,Laneway Suite,1.0,0.0,0,0.0,0.0,0.0,0.0,0.0,0.0,0.0,0.0,
197800,197801,20 134148 BLD,0,Small Residential Projects,Laneway / Rear Yard Suite,New Laneway / Rear Yard Suite,58,ST CLARENS,AVE, ,M6K,11774688.0,S0936,2020-04-16,2020-07-28,2023-03-07,Closed,Proposed second storey addition and interior alterations to the existing detached garage to convert to a new laneway suite.,Garage,Laneway Suite,1.0,0.0,90000,0.0,0.0,91.79,0.0,0.0,0.0,0.0,0.0,
197801,197802,20 134148 BLD,1,Small Residential Projects,Laneway / Rear Yard Suite,New Laneway / Rear Yard Suite,58,ST CLARENS,AVE, ,M6K,11774688.0,S0936,2020-10-22,2020-11-27,2023-03-07,Closed,Revision 1: See attachedProposed second storey addition and interior alterations to the existing detached garage to convert to a new laneway suite.,Garage,Laneway Suite,0.0,0.0,0,0.0,0.0,0.0,0.0,0.0,0.0,0.0,0.0,
203158,203159,20 159667 BLD,0,Small Residential Projects,Laneway / Rear Yard Suite,New Laneway / Rear Yard Suite,95,MACKAY,AVE, ,M6H,11395041.0,S0927,2020-06-24,2020-08-04,2023-03-09,Closed,Construct a new laneway suite in the rear yard of existing 2 unit detached dwelling,Two Unit Dwelling ,Two Unit Dwelling With Laneway Suite,1.0,0.0,250000,0.0,0.0,79.5,0.0,0.0,0.0,0.0,0.0,
204540,204541,20 167921 BLD,0,Small Residential Projects,Laneway / Rear Yard Suite,New Laneway / Rear Yard Suite,60,WINCHESTER,ST, ,M4X,9980451.0,S1324,2020-07-15,2021-04-23,2023-03-06,Closed,Proposal to construct a 2 storey + basement rear yard laneway suite.,Detached Garage,Laneway Suite,1.0,0.0,"350,000.00",0.0,0.0,105.4,0.0,0.0,0.0,0.0,0.0,
204541,204542,20 167921 BLD,1,Small Residential Projects,2 Unit - Detached,New Laneway / Rear Yard Suite,60,WINCHESTER,ST, ,M4X,9980451.0,S1324,2021-11-05,2022-02-03,2023-03-06,Closed,Revision 01: REVISE PERMIT 20 167921 BLD 00 SR TO MODIFY SHORING AND FOUNDATION WALL CONSTRUCTION. (Drawing rev 11),Detached Garage,Laneway Suite,0.0,0.0,0,0.0,0.0,0.0,0.0,0.0,0.0,0.0,0.0,
207795,207796,20 185670 BLD,0,Small Residential Projects,Laneway / Rear Yard Suite,New Laneway / Rear Yard Suite,104,PEMBROKE,ST, ,M5A,2594839.0,S1328,2020-08-26,2021-07-06,2023-01-05,Closed,Proposal to construct a new two storey laneway suite with a full basement. ,Sfd,Sfd W/Laneway Suite,1.0,0.0,250000,0.0,0.0,160.0,0.0,0.0,0.0,0.0,0.0,
212008,212009,20 209706 BLD,3,Small Residential Projects,Laneway / Rear Yard Suite,New Laneway / Rear Yard Suite,82,BORDEN,ST, ,M5S,2812423.0,S1138,2023-01-13,2023-02-10,2023-06-28,Closed,"Revision 03:Amendment to permit 20 209706 BLD 02Revise size of windows labeled W101, W204 & W205; delete glazing in D001REV01: changes as per drawingsRev 02 : delete den, add powder room and stacked washer/dryer at ground floor",Garage,Laneway Suite,0.0,0.0,0,0.0,0.0,0.0,0.0,0.0,0.0,0.0,0.0,
212009,212010,20 209706 BLD,0,Small Residential Projects,Laneway / Rear Yard Suite,New Laneway / Rear Yard Suite,82,BORDEN,ST, ,M5S,2812423.0,S1138,2020-10-22,2021-07-15,2023-06-28,Closed,Proposal to demolish the existing detached garage and construct a new 2 storey laneway suite.OPTION # 1 ( SPRINKLERED),Garage,Laneway Suite,1.0,0.0,"400,000.00",0.0,0.0,79.61,0.0,0.0,0.0,0.0,0.0,
212010,212011,20 209706 BLD,1,Small Residential Projects,Laneway / Rear Yard Suite,New Laneway / Rear Yard Suite,82,BORDEN,ST, ,M5S,2812423.0,S1138,2021-10-22,2021-11-15,2023-06-28,Closed,REV01: changes as per drawings,Garage,Laneway Suite,1.0,0.0,0,0.0,0.0,0.0,0.0,0.0,0.0,0.0,0.0,
212011,212012,20 209706 BLD,2,Small Residential Projects,Laneway / Rear Yard Suite,New Laneway / Rear Yard Suite,82,BORDEN,ST, ,M5S,2812423.0,S1138,2022-11-01,2023-01-13,2023-06-28,Closed,"REV01: changes as per drawingsRev 02 : delete den, add powder room and stacked washer/dryer at ground floor",Garage,Laneway Suite,1.0,0.0,0,0.0,0.0,0.0,0.0,0.0,0.0,0.0,0.0,
212306,212307,20 211623 BLD,0,Small Residential Projects,2 Unit - Semi-detached,New Laneway / Rear Yard Suite,197,BEECH,AVE, ,M4E,10430788.0,S1940,2020-10-27,2021-03-03,2023-09-15,Closed,Proposal to construct new 2 storey laneway suite with integral garage,Sfd,Sfd/ Laneway Suite,1.0,0.0,300000,0.0,0.0,50.0,0.0,0.0,0.0,0.0,0.0,
213019,213020,20 215200 BLD,0,Small Residential Projects,Laneway / Rear Yard Suite,New Laneway / Rear Yard Suite,581,CRAWFORD,ST, ,M6G,8352058.0,S1132,2020-11-04,2021-01-26,2023-11-10,Closed,Proposal to construct a two storey laneway suite above the existing garage.,Garage,Laneway Suite,1.0,0.0,"50,000",0.0,0.0,60.61,0.0,0.0,0.0,0.0,0.0,NICK VAIOPOULOS
214776,214777,20 224645 BLD,1,Small Residential Projects,2 Unit - Detached,New Laneway / Rear Yard Suite,654,OLD WESTON,RD, ,M6N,848468.0,S0923,2021-10-25,2022-05-17,2023-12-01,Closed,Rev 1: REVISION TO PERMIT 20 224645 BLD 00 SRUNDERPINNING & SUSPENDED GARAGE SLAB FOR FULL BSMT.Proposed new laneway suite above the existing two car garage at rear of the exisitng dwelling,Garage,Garage With Laneway Suite Above,1.0,0.0,0,0.0,0.0,0.0,0.0,0.0,0.0,0.0,0.0,
214777,214778,20 224645 BLD,0,Small Residential Projects,Laneway / Rear Yard Suite,New Laneway / Rear Yard Suite,654,OLD WESTON,RD, ,M6N,848468.0,S0923,2020-12-01,2020-12-14,2023-12-01,Closed,Proposed new laneway suite above the existing two car garage at rear of the exisitng dwelling,Garage,Garage With Laneway Suite Above,1.0,0.0,150000,0.0,0.0,62.45,0.0,0.0,0.0,0.0,0.0,
218742,218743,21 113763 BLD,0,Small Residential Projects,2 Unit - Semi-detached,New Laneway / Rear Yard Suite,200,HEWARD,AVE, ,M4M,819838.0,S1441,2021-02-08,2021-06-07,2023-04-06,Closed,Proposal for interior alterations and a 2nd floor addition to existing detached garage to convert to a laneway suite.,2 Unit Semi,2 Unit Semi/Laneway Suite,1.0,0.0,"75,000",0.0,0.0,48.35,0.0,0.0,0.0,48.35,0.0,
220048,220049,21 120719 BLD,0,Small Residential Projects,Laneway / Rear Yard Suite,New Laneway / Rear Yard Suite,82,MAJOR,ST, ,M5S,10587297.0,S1138,2021-02-26,2021-07-16,2023-03-09,Closed,Proposed laneway suite at the rear of the property. ,Garage,New Lane Way Addition To The Existing Garage,1.0,0.0,"255,000.00",0.0,0.0,48.26,0.0,0.0,0.0,0.0,0.0,
220720,220721,21 124725 BLD,0,Small Residential Projects,Laneway / Rear Yard Suite,New Laneway / Rear Yard Suite,52,FOLLIS,AVE, ,M6G,805709.0,S1125,2021-03-09,2021-03-30,2023-07-20,Closed,Demolish exisitng garage and rebuild a new two storey laneway suite.,Residential - Rear Garage,Residential -  Rear Laneway Suite,1.0,0.0,"300,000",0.0,0.0,49.9,0.0,0.0,0.0,0.0,0.0,
220816,220817,21 125186 BLD,0,Small Residential Projects,Laneway / Rear Yard Suite,New Laneway / Rear Yard Suite,11,SHUDELL,AVE, ,M4J,7940707.0,S1431,2021-03-10,2021-04-16,2023-05-26,Closed,Proposed to construct a new 2 storey laneway suite. ,,Laneway Suite ,1.0,0.0,200000,0.0,0.0,55.0,0.0,0.0,0.0,0.0,0.0,
221385,221386,21 128247 BLD,0,Small Residential Projects,Laneway / Rear Yard Suite,New Laneway / Rear Yard Suite,158,RANDOLPH,RD, ,M4G,32530.0,N1531,2021-03-17,2021-05-07,2023-06-06,Closed,Proposed laneway suite in rear yard,,Laneway Suite,1.0,0.0,300000,0.0,0.0,57.4,0.0,0.0,0.0,0.0,0.0,
221768,221769,21 130718 BLD,1,Small Residential Projects,2 Unit - Detached,New Laneway / Rear Yard Suite,10,RAYMOND,AVE, ,M6S,10636507.0,S0425,2022-09-15,2023-01-05,2023-06-30,Closed,Revision 01: CONVERT EXISTING GARAGE STRUCTURE INTO A GARDEN SUITE. Proposal to create an accessory structure by adding a storage and garbage to the existing rear yard detached private garage. The scope of work also includes alterations to the existing garage to remove the roof and raise the existing walls.,Single Family,Single Familly,1.0,0.0,0,0.0,0.0,32.33,0.0,0.0,0.0,0.0,0.0,
222063,222064,21 132437 BLD,0,Small Residential Projects,3+ Unit - Detached,New Laneway / Rear Yard Suite,997,DUFFERIN,ST, ,M6H,9246365.0,S0934,2021-03-26,2021-06-16,2023-12-12,Closed,Proposal to construct a new laneway suite,3 Units Detached,3 Units Detached + Laneway Suite,1.0,0.0,"300,000",0.0,0.0,150.0,0.0,0.0,0.0,0.0,0.0,FINE RESIDENCE DEVELOPMENT
222064,222065,21 132437 BLD,1,Small Residential Projects,3+ Unit - Detached,New Laneway / Rear Yard Suite,997,DUFFERIN,ST, ,M6H,9246365.0,S0934,2023-05-08,2023-05-24,2023-12-12,Closed,Revision 01 - modification to shared wall on south sideProposal to construct a new laneway suite,3 Units Detached,3 Units Detached + Laneway Suite,1.0,0.0,0,0.0,0.0,0.0,0.0,0.0,0.0,0.0,0.0,FINE RESIDENCE DEVELOPMENT
222573,222574,21 135543 BLD,0,Small Residential Projects,Laneway / Rear Yard Suite,New Laneway / Rear Yard Suite,281 A,OSLER,ST, ,M6N,14200532.0,S0926,2021-04-03,2021-05-20,2023-01-30,Closed,To construct a new rear two storey laneway suite,Sfd - Semi-Laneway Suite,Sfd - Semi-Laneway Suite,1.0,0.0,100000,0.0,0.0,95.13,0.0,0.0,0.0,0.0,0.0,
222852,222853,21 137795 BLD,0,Small Residential Projects,Laneway / Rear Yard Suite,New Laneway / Rear Yard Suite,388,WELLESLEY,ST,E,M4X,8566744.0,S1324,2021-04-08,2021-07-21,2023-08-23,Closed,Proposed laneway suite at the rear of existing dwelling,Sfd,Sfd With Laneway Suite,1.0,0.0,250000,0.0,0.0,83.24,0.0,0.0,0.0,0.0,0.0,
223196,223197,21 140031 BLD,0,Small Residential Projects,2 Unit - Semi-detached,New Laneway / Rear Yard Suite,19,GRANGE,AVE, ,M5T,9942055.0,S1024,2021-04-13,2021-08-19,2023-11-02,Closed,Proposal to construct a new 2 storey with basement laneway suite at the rear of the house,Semi-Det House With A Detached Garage At Rear Yard. ,Semi-Det House With A New Laneway Suite At Rear Yard,1.0,0.0,"450,000",0.0,0.0,118.2,0.0,0.0,0.0,0.0,0.0,
223249,223250,21 140335 BLD,0,Small Residential Projects,Laneway / Rear Yard Suite,New Laneway / Rear Yard Suite,41,DUNKIRK,RD, ,M4C,22220.0,S1925,2021-04-14,2021-07-05,2023-05-17,Closed,Proposal to construct a new two storey laneway suite,Sfd,Sfd,1.0,0.0,500000,0.0,0.0,135.0,0.0,0.0,0.0,0.0,0.0,
224383,224384,21 147550 BLD,0,Small Residential Projects,2 Unit - Detached,New Laneway / Rear Yard Suite,29,GRACE,ST, ,M6J,7576036.0,S1142,2021-04-29,2021-09-02,2023-02-09,Closed,New laneway suite above the existing detached garage,2-Unit Dwelling,2-Unit Dwelling + Laneway Suite,1.0,0.0,"40,000",0.0,0.0,46.0,0.0,0.0,0.0,0.0,0.0,
226737,226738,21 162235 BLD,0,Small Residential Projects,Laneway / Rear Yard Suite,New Laneway / Rear Yard Suite,28,PRUST,AVE, ,M4L,10598365.0,S1436,2021-05-28,2022-03-01,2023-11-24,Closed,Proposed to convert existing garage into laneway suite.,Sfd,Sfd Lane Way Suite In The Rear,1.0,0.0,"100,000.00",0.0,0.0,38.46,0.0,0.0,0.0,0.0,0.0,
226738,226739,21 162235 BLD,1,Small Residential Projects,Laneway / Rear Yard Suite,New Laneway / Rear Yard Suite,28,PRUST,AVE, ,M4L,10598365.0,S1436,2022-11-17,2022-12-05,2023-11-24,Closed,REV 01: Changes to exterior windows on elevations.,Sfd,Sfd Lane Way Suite In The Rear,1.0,0.0,0,0.0,0.0,0.0,0.0,0.0,0.0,0.0,0.0,
226739,226740,21 162235 BLD,2,Small Residential Projects,Laneway / Rear Yard Suite,New Laneway / Rear Yard Suite,28,PRUST,AVE, ,M4L,10598365.0,S1436,2023-05-24,2023-07-18,2023-11-24,Closed,REVISION TO PERMIT 21 162235 BLD 01 FOR CHANGES TO LAYOUT BUBBLED ON PLAN,Sfd,Sfd Lane Way Suite In The Rear,1.0,0.0,0,0.0,0.0,0.0,0.0,0.0,0.0,0.0,0.0,
226958,226959,21 164284 BLD,0,Small Residential Projects,Laneway / Rear Yard Suite,New Laneway / Rear Yard Suite,431,BATHURST,ST, ,M5T,767797.0,S1143,2021-06-02,2021-12-03,2023-09-29,Closed,Proposal to construct a new two storey rear yard laneway suite. ,Sfd,Sfd W/Laneway Suite,1.0,0.0,250000,0.0,0.0,144.0,0.0,0.0,0.0,0.0,0.0,
226959,226960,21 164284 BLD,2,Small Residential Projects,Laneway / Rear Yard Suite,New Laneway / Rear Yard Suite,431,BATHURST,ST, ,M5T,767797.0,S1143,2022-09-08,2022-11-18,2023-09-29,Closed,Revision #02 - Changed the exterior side wall to concrete block wall and second floor layout.Revision 01 - Change floor plan of every storey;  Change exterior wall metal siding to brick veneer; Changed window and door lintel Proposal to construct a new two storey rear yard laneway suite. ,Sfd,Sfd W/Laneway Suite,0.0,0.0,0,0.0,0.0,0.0,0.0,0.0,0.0,0.0,0.0,
226960,226961,21 164284 BLD,4,Small Residential Projects,Laneway / Rear Yard Suite,New Laneway / Rear Yard Suite,431,BATHURST,ST, ,M5T,767797.0,S1143,2023-08-14,2023-09-21,2023-09-29,Closed,"Revision 04 - Changed the front and rear wall insulation from R19 + R5 to R22 mineral wool insulation, with the updateded eeds.Revision 03- Revised the rear yard soft landscapingRevision 02 - Changed the exterior side wall to concrete block wall and second floor layout.Revision 01 - Change floor plan of every storey;  Change exterior wall metal siding to brick veneer; Changed window and door lintel Proposal to construct a new two storey rear yard laneway suite. ",Sfd,Sfd W/Laneway Suite,0.0,0.0,0,0.0,0.0,0.0,0.0,0.0,0.0,0.0,0.0,
226961,226962,21 164284 BLD,1,Small Residential Projects,Laneway / Rear Yard Suite,New Laneway / Rear Yard Suite,431,BATHURST,ST, ,M5T,767797.0,S1143,2022-03-23,2022-07-12,2023-09-29,Closed,Revision 01 - Change floor plan of every storey;  Change exterior wall metal siding to brick veneer; Changed window and door lintel Proposal to construct a new two storey rear yard laneway suite. ,Sfd,Sfd W/Laneway Suite,0.0,0.0,0,0.0,0.0,0.0,0.0,0.0,0.0,0.0,0.0,
226962,226963,21 164284 BLD,3,Small Residential Projects,Laneway / Rear Yard Suite,New Laneway / Rear Yard Suite,431,BATHURST,ST, ,M5T,767797.0,S1143,2023-05-02,2023-06-08,2023-09-29,Closed,Revision 03- Revised the rear yard soft landscapingRevision 02 - Changed the exterior side wall to concrete block wall and second floor layout.Revision 01 - Change floor plan of every storey;  Change exterior wall metal siding to brick veneer; Changed window and door lintel Proposal to construct a new two storey rear yard laneway suite. ,Sfd,Sfd W/Laneway Suite,0.0,0.0,0,0.0,0.0,0.0,0.0,0.0,0.0,0.0,0.0,
227636,227637,21 168985 BLD,0,Small Residential Projects,Laneway / Rear Yard Suite,New Laneway / Rear Yard Suite,6,BAIN,AVE, ,M4K,765972.0,S1428,2021-06-10,2022-03-30,2023-07-07,Closed,Proposal to construct a laneway suite on top of a newly built garage,Sfd - Rear Garage,Sfd - Rear Garage/Lanewaysuite.,1.0,0.0,"5,000",0.0,0.0,50.0,0.0,0.0,0.0,0.0,0.0,
227653,227654,21 169109 BLD,0,Small Residential Projects,Laneway / Rear Yard Suite,New Laneway / Rear Yard Suite,721,WINDERMERE,AVE, ,M6S,7974025.0,S0426,2021-06-11,2021-07-08,2023-06-23,Closed,Proposal to removal existing detached garage to construct new two storey Laneway Suite at rear of existing Single Family Dwelling. **** See ZZC Drawings ****,Sfd,Sfd With Laneway Suite,1.0,0.0,450000,0.0,0.0,84.34,0.0,0.0,0.0,0.0,0.0,
228590,228591,21 174609 BLD,0,Small Residential Projects,Laneway / Rear Yard Suite,New Laneway / Rear Yard Suite,32,WOBURN,AVE, ,M5M,9848498.0,N0825,2021-06-23,2021-09-02,2023-09-05,Closed,Construct a new two storey laneway suite at rear of property,Sfd-Detached,2+Unit Detacheed - Laneway Suite,1.0,0.0,400000,0.0,0.0,136.2,0.0,0.0,0.0,0.0,0.0,HUMMINGBIRD HILL & CONSTRUCTION INC
230280,230281,21 184922 BLD,0,Small Residential Projects,Laneway / Rear Yard Suite,New Laneway / Rear Yard Suite,15,HECTOR,AVE, ,M6G,819008.0,S1234,2021-07-15,2021-08-03,2023-03-28,Closed,To construct a two storey laneway suite,Semi-Detached,Semi-Detached Dwelling With Rear Laneway Suite,1.0,0.0,200000,0.0,0.0,79.6,0.0,0.0,0.0,0.0,0.0,
230985,230986,21 189446 BLD,0,Small Residential Projects,2 Unit - Detached,New Laneway / Rear Yard Suite,80,PRESCOTT,AVE, ,M6N,854633.0,S0923,2021-07-25,2021-11-08,2023-01-23,Closed,Proposal for a new 2 Storey Laneway Suite. ,Garage,Laneway Suite,1.0,0.0,200000,0.0,0.0,140.76,0.0,0.0,0.0,0.0,0.0,PETER ROBIBERO
231798,231799,21 194808 BLD,0,Small Residential Projects,Laneway / Rear Yard Suite,New Laneway / Rear Yard Suite,17,SLADE,AVE, ,M6G,868643.0,S1235,2021-08-06,2021-09-13,2023-07-14,Closed,Proposal of a two storey laneway suite,Rear Garage,Laneway Suite,1.0,0.0,"200,000",0.0,0.0,87.43,0.0,0.0,0.0,0.0,0.0,
231978,231979,21 195929 BLD,0,Small Residential Projects,Laneway / Rear Yard Suite,New Laneway / Rear Yard Suite,11,RUSHBROOKE,AVE, ,M4M,2688910.0,S1441,2021-08-10,2021-11-04,2023-08-01,Closed,Proposal to construct a new two storey laneway suite at the rear of single family semi-detached dwelling.,Sfd,Sfd W/ Laneway Suite,1.0,0.0,300000,0.0,0.0,109.24,0.0,0.0,0.0,0.0,0.0,
232194,232195,21 197266 BLD,0,Small Residential Projects,2 Unit - Townhouse,New Laneway / Rear Yard Suite,11,ROSE,AVE, ,M4X,2611645.0,S1323,2021-08-12,2021-10-26,2023-01-12,Closed,Proposal to construct second storey addition over existing detached garage for new laneway suite. See also 21 152971 ZZC.,Sfd-Townhouse,Sfd-Townhouse/Laneway Suite,1.0,0.0,"200,000",0.0,0.0,44.0,0.0,0.0,0.0,0.0,0.0,
232480,232481,21 199878 BLD,2,Small Residential Projects,2 Unit - Detached,New Laneway / Rear Yard Suite,393,PALMERSTON,BLVD, ,M6G,2854100.0,S1133,2022-08-11,2022-09-09,2023-12-22,Closed,REVISION - updated EEDS formREVISION 02: TO relocate window from wwest elevation to wouth elevation as marked,Sfd-Detached,Sfd-Detached/Laneway Suite,0.0,0.0,0,0.0,0.0,0.0,0.0,0.0,0.0,0.0,0.0,
232481,232482,21 199878 BLD,1,Small Residential Projects,2 Unit - Detached,New Laneway / Rear Yard Suite,393,PALMERSTON,BLVD, ,M6G,2854100.0,S1133,2021-11-23,2022-01-04,2023-12-22,Closed,REVISION - updated EEDS form,Sfd-Detached,Sfd-Detached/Laneway Suite,0.0,0.0,0,0.0,0.0,0.0,0.0,0.0,0.0,0.0,0.0,
232482,232483,21 199878 BLD,0,Small Residential Projects,2 Unit - Detached,New Laneway / Rear Yard Suite,393,PALMERSTON,BLVD, ,M6G,2854100.0,S1133,2021-08-17,2021-09-15,2023-12-22,Closed,Proposal to demolish the existing detached garage and constuct a new 2 storey laneway suite at the rear of an existing SFD-detached dwelling.,Sfd-Detached,Sfd-Detached/Laneway Suite,1.0,0.0,"200,000",0.0,0.0,159.23,0.0,0.0,0.0,0.0,0.0,
232722,232723,21 201454 BLD,0,Small Residential Projects,2 Unit - Semi-detached,New Laneway / Rear Yard Suite,12,CHESTER,AVE, ,M4K,10834575.0,S1424,2021-08-19,2022-03-09,2023-09-07,Closed,Proposal for a new laneway suite.,2 Unit Dwelling,2 Unit Dwelling With Laneway Suite,1.0,0.0,"200,000",0.0,0.0,99.28,0.0,0.0,0.0,0.0,0.0,
233010,233011,21 203532 BLD,0,Small Residential Projects,2 Unit - Detached,New Laneway / Rear Yard Suite,147,DENISON,AVE, ,M5T,793095.0,S1143,2021-08-24,2021-12-06,2023-01-16,Closed,Proposal to construct a new two storey lane way suite with a carport at the rear of the existing lot. ,Vacant,Laneway Suite,1.0,0.0,"400,000",0.0,0.0,89.9,0.0,0.0,0.0,0.0,0.0,
233267,233268,21 205021 BLD,0,Small Residential Projects,Laneway / Rear Yard Suite,New Laneway / Rear Yard Suite,165,MANNING,AVE, ,M6J,837163.0,S1022,2021-08-27,2021-10-06,2023-03-21,Closed,"PROPOSED: DEMOLITION OF EXISTING DETACHED GARAGE, PROPOSED A NEW  LANEWAY SUITE. ",Sfd Detached,New House W/ Laneway Suite,1.0,0.0,750000,0.0,0.0,75.43,0.0,0.0,0.0,0.0,0.0,
233315,233316,21 205593 BLD,0,Small Residential Projects,Laneway / Rear Yard Suite,New Laneway / Rear Yard Suite,630,BROCK,AVE, ,M6H,9638128.0,S0930,2021-08-28,2021-10-13,2023-05-05,Closed,New laneway suite ,Rear Garage,Rear Laneway Suite,1.0,0.0,"300,000",0.0,0.0,125.8,0.0,0.0,0.0,0.0,0.0,
233924,233925,21 209366 BLD,0,Small Residential Projects,2 Unit - Semi-detached,New Laneway / Rear Yard Suite,367,HOWLAND,AVE, ,M5R,7994543.0,S1236,2021-09-08,2022-03-21,2023-04-18,Closed,Proposed 1 storey semi-detached laneway suite with basement - Lot 2,Rear Yard,New Semi-Detached Laneway Suite With Basement,1.0,0.0,300000,0.0,0.0,36.6,0.0,0.0,0.0,0.0,0.0,
233925,233926,21 209366 BLD,1,Small Residential Projects,2 Unit - Semi-detached,New Laneway / Rear Yard Suite,367,HOWLAND,AVE, ,M5R,7994543.0,S1236,2022-09-20,2022-10-24,2023-04-18,Closed,REV #1-REVISE WALL ASSEMBLY LANEWAY SUITEProposed 1 storey semi-detached laneway suite with basement - Lot 2,Rear Yard,New Semi-Detached Laneway Suite With Basement,0.0,0.0,0,0.0,0.0,0.0,0.0,0.0,0.0,0.0,0.0,
233929,233930,21 209376 BLD,0,Small Residential Projects,2 Unit - Semi-detached,New Laneway / Rear Yard Suite,369,HOWLAND,AVE, ,M5R,30128280.0,S1236,2021-09-08,2022-03-28,2023-04-18,Closed,Proposed 1 storey semi-detached laneway suite with basement - Lot 1,Rear Yard,New Semi-Detached Laneway Suite With Basement,1.0,0.0,300000,0.0,0.0,34.4,0.0,0.0,0.0,0.0,0.0,
234013,234014,21 209999 BLD,0,Small Residential Projects,2 Unit - Semi-detached,New Laneway / Rear Yard Suite,161,LOGAN,AVE, ,M4M,8431868.0,S1441,2021-09-09,2022-04-19,2023-06-13,Closed,Proposal to demolish the existing Garage and to construct a 2 storey semi-detached Laneway Suite. ,Garage,Laneway Suite,1.0,0.0,195990,0.0,0.0,91.04,0.0,0.0,0.0,0.0,0.0,DAVID PEARCE
234024,234025,21 210057 BLD,0,Small Residential Projects,2 Unit - Semi-detached,New Laneway / Rear Yard Suite,159,LOGAN,AVE, ,M4M,8431867.0,S1441,2021-09-09,2022-04-19,2023-06-13,Closed,Proposal to demolish existing Garage and to construct a 2 storey semi-detached laneway suite with Garage. ,Garage,Laneway Suite,1.0,0.0,117830.40,0.0,0.0,54.34,0.0,0.0,0.0,0.0,0.0,DAVID PEARCE
234524,234525,21 214146 BLD,0,Small Residential Projects,2 Unit - Detached,New Laneway / Rear Yard Suite,48,LANARK,AVE, ,M6C,66100.0,S1222,2021-09-17,2021-11-08,2023-03-24,Closed,"Proposal to construct a new 2 storey laneway suite with a ground floor garage at the rear of a proposed 3 storey SFD-detached dwelling.See also 21 214129 DEM, 21 214144 BLD, 20 225808 ZZC and 21 105752 MV.",Sfd-Detached,Sfd-Detached/Laneway Suite,1.0,0.0,"50,000",0.0,0.0,122.06,0.0,0.0,0.0,0.0,0.0,CORELL HOMES INC
234525,234526,21 214146 BLD,1,Small Residential Projects,2 Unit - Detached,New Laneway / Rear Yard Suite,48,LANARK,AVE, ,M6C,66100.0,S1222,2022-03-02,2022-03-25,2023-03-24,Closed,"Rev 01 - REVISION 01 TO BLD PERMIT # 21 214146 BLD 00 SR ( Lane way Suite)00-Proposal to construct a new 2 storey laneway suite with a ground floor garage at the rear of a proposed 3 storey SFD-detached dwelling.See also 21 214129 DEM, 21 214144 BLD, 20 225808 ZZC and 21 105752 MV.",Sfd-Detached,Sfd-Detached/Laneway Suite,0.0,0.0,0,0.0,0.0,0.0,0.0,0.0,0.0,0.0,0.0,CORELL HOMES INC
235243,235244,21 219868 BLD,0,Small Residential Projects,2 Unit - Detached,New Laneway / Rear Yard Suite,102,MORSE,ST, ,M4M,844689.0,S1441,2021-09-30,2022-03-14,2023-07-21,Closed,To construct a laneway suite on top of the existing garage at the rear yard.,Sfd - Detached,Sfd - Detached + A Laneway Suite,1.0,0.0,150000,0.0,0.0,65.4,0.0,0.0,0.0,0.0,0.0,
235405,235406,21 221005 BLD,0,Small Residential Projects,2 Unit - Semi-detached,New Laneway / Rear Yard Suite,254,RIVERDALE,AVE, ,M4K,4014982.0,S1429,2021-10-03,2022-02-04,2023-03-30,Closed,Proposal to construct 2 storey laneway suite at the rear of the property,Sfd Semi Detached,Semi Detached + Laneway Suite,1.0,0.0,"500,000",0.0,0.0,82.8,0.0,0.0,0.0,0.0,0.0,
236303,236304,21 227869 BLD,2,Small Residential Projects,Laneway / Rear Yard Suite,New Laneway / Rear Yard Suite,64,LANGFORD,AVE, ,M4J,10280023.0,S1425,2022-10-04,2022-12-05,2023-08-22,Closed,REV 02: Alteration to 1-storey garage to carport structureREV 01: To change proposal to a 1-storey garageDemolish existing rear garage and build a new two storey laneway suite with a single garage in the first floor.,Garage,Garage,0.0,0.0,0,0.0,0.0,0.0,0.0,0.0,0.0,0.0,0.0,
236304,236305,21 227869 BLD,0,Small Residential Projects,Laneway / Rear Yard Suite,New Laneway / Rear Yard Suite,64,LANGFORD,AVE, ,M4J,10280023.0,S1425,2021-10-19,2022-04-11,2023-08-22,Closed,Demolish existing rear garage and build a new two storey laneway suite with a single garage in the first floor.,Garage,Laneway Suite,1.0,0.0,"70,000",0.0,0.0,55.93,0.0,0.0,0.0,0.0,0.0,
236305,236306,21 227869 BLD,1,Small Residential Projects,Laneway / Rear Yard Suite,New Laneway / Rear Yard Suite,64,LANGFORD,AVE, ,M4J,10280023.0,S1425,2022-08-10,2022-09-12,2023-08-22,Closed,REV 01: To change proposal to a 1-storey garageDemolish existing rear garage and build a new two storey laneway suite with a single garage in the first floor.,Garage,Garage,0.0,0.0,0,0.0,0.0,0.0,0.0,0.0,0.0,0.0,0.0,
236611,236612,21 229928 BLD,1,Small Residential Projects,Laneway / Rear Yard Suite,New Laneway / Rear Yard Suite,138,YARMOUTH,RD, ,M6G,887244.0,S1124,2022-05-02,2022-06-28,2023-11-22,Closed,Revision 1: Proposal to increase laneway suite/garage addition by 2.5 sq.m,Sfd,Sfd + Laneway Suite,1.0,0.0,0,0.0,0.0,2.5,0.0,0.0,0.0,0.0,0.0,
236612,236613,21 229928 BLD,0,Small Residential Projects,Laneway / Rear Yard Suite,New Laneway / Rear Yard Suite,138,YARMOUTH,RD, ,M6G,887244.0,S1124,2021-10-24,2022-03-11,2023-11-22,Closed,ADDITION TO EXISTING GARAGE TO CREATE LANEWAY SUITE,Sfd,Sfd + Laneway Suite,0.0,0.0,200000,0.0,0.0,63.6,0.0,0.0,0.0,0.0,0.0,
236905,236906,21 231700 BLD,0,Small Residential Projects,3+ Unit - Detached,New Laneway / Rear Yard Suite,639,HURON,ST, ,M5R,823680.0,S1127,2021-10-28,2022-04-05,2023-08-03,Closed,Construct a new laneway suite in rear yard (4th unit),3 Unit - Detached Dwelling,4 Unit - New Laneway Suite,1.0,0.0,200000,0.0,0.0,100.65,0.0,0.0,0.0,0.0,0.0,
237405,237406,21 234825 BLD,0,Small Residential Projects,Laneway / Rear Yard Suite,New Laneway / Rear Yard Suite,2137,GERRARD,ST,E,M4E,809275.0,S1935,2021-11-05,2022-03-31,2023-09-26,Closed,Construction of a new two storey laneway suite at the rear of the existing lot - No alterations to the existing Triplex.,Rear Garage,New Laneway Suite,1.0,0.0,"500,000",0.0,0.0,87.9,0.0,0.0,0.0,0.0,0.0,
237436,237437,21 234946 BLD,0,Small Residential Projects,Laneway / Rear Yard Suite,New Laneway / Rear Yard Suite,2133,GERRARD,ST,E,M4E,7641052.0,S1935,2021-11-06,2022-04-01,2023-09-25,Closed,Proposal to convert existing detached garage to 2 storey laneway suite,Sfd Semi Detached,Semi Detached + Laneway Suite,1.0,0.0,"400,000",0.0,0.0,114.4,0.0,0.0,0.0,0.0,0.0,
237796,237797,21 237469 BLD,0,Small Residential Projects,Laneway / Rear Yard Suite,New Laneway / Rear Yard Suite,210,VICTOR,AVE, ,M4K,878676.0,S1429,2021-11-13,2021-12-31,2023-08-03,Closed,Demolish the existing garage and construct a rear two storey laneway suite.  See permit 21-237473 BLD for interior alterations to the main house.,Single Family + Detached Garage,Semi-Detached Single Family House + Laneway Suite,1.0,0.0,"900,000",0.0,0.0,109.2,0.0,0.0,0.0,0.0,0.0,
237891,237892,21 237947 BLD,0,Small Residential Projects,Laneway / Rear Yard Suite,New Laneway / Rear Yard Suite,43,MCINTOSH,ST, ,M1N,361616.0,E2031,2021-11-15,2022-07-05,2023-10-26,Closed,NEW LANEWAY DWELLING,Sfd,Sfd,1.0,0.0,100000,0.0,0.0,67.0,0.0,0.0,0.0,0.0,0.0,
237944,237945,21 238260 BLD,0,Small Residential Projects,Laneway / Rear Yard Suite,New Laneway / Rear Yard Suite,2135,GERRARD,ST,E,M4E,809273.0,S1935,2021-11-16,2022-03-22,2023-10-06,Closed,Proposal to demolish existing detached garage and construct a new 2 storey laneway suite,Sfd Semi Detached,Semi Detached + Laneway Suite,1.0,0.0,"400,000",0.0,0.0,115.0,0.0,0.0,0.0,0.0,0.0,
238039,238040,21 239037 BLD,1,Small Residential Projects,Laneway / Rear Yard Suite,New Laneway / Rear Yard Suite,98,WRIGHT,AVE, ,M6R,8105587.0,S0433,2022-11-14,2022-11-21,2023-11-16,Closed,Revision 01 - revising laneway suite location to create more space between laneway and rear lot lineTo demolish existing rear garage and construct a new two storey laneway suite,Sfd-Semi-Detached,Sfd Semi - Rear Yard Laneway Suite,1.0,0.0,0,0.0,0.0,0.0,0.0,0.0,0.0,0.0,0.0,
238040,238041,21 239037 BLD,0,Small Residential Projects,Laneway / Rear Yard Suite,New Laneway / Rear Yard Suite,98,WRIGHT,AVE, ,M6R,8105587.0,S0433,2021-11-17,2022-11-09,2023-11-16,Closed,To demolish existing rear garage and construct a new two storey laneway suite,Sfd-Semi-Detached,Sfd Semi - Rear Yard Laneway Suite,1.0,0.0,300000,0.0,0.0,93.6,0.0,0.0,0.0,0.0,0.0,
238789,238790,21 243859 BLD,0,Small Residential Projects,2 Unit - Detached,New Laneway / Rear Yard Suite,169,CONCORD,AVE, ,M6H,786087.0,S0935,2021-12-01,2022-02-17,2023-03-02,Closed,Proposal for a new Laneway Suite. ,Sfd,Sfd+Laneway,1.0,0.0,100000,0.0,0.0,83.6,0.0,0.0,0.0,0.0,0.0,WHITESTONE DESIGN BUILD INC
239450,239451,21 248486 BLD,0,Small Residential Projects,Laneway / Rear Yard Suite,New Laneway / Rear Yard Suite,18,OSBORNE,AVE, ,M4E,849384.0,S1936,2021-12-14,2022-04-14,2023-05-04,Closed,Construct a new 2 storey laneway suite at the rear of the main dwelling.,Sfd - Rear Garage,Sfd - Laneway Suite,1.0,0.0,"400,000",0.0,0.0,138.1,0.0,0.0,0.0,0.0,0.0,
239629,239630,21 249621 BLD,0,Small Residential Projects,Laneway / Rear Yard Suite,New Laneway / Rear Yard Suite,564,BERESFORD,AVE, ,M6S,52245.0,S0422,2021-12-17,2022-01-25,2023-01-06,Closed,Proposal to consturct a new two-storey laneway suite.,Sfd,Sfd - Detached (Existing) + Laneway Suite (New),1.0,0.0,180000,0.0,0.0,119.71,0.0,0.0,0.0,0.0,0.0,
239684,239685,21 249953 BLD,0,Small Residential Projects,Laneway / Rear Yard Suite,New Laneway / Rear Yard Suite,200,DOVERCOURT,RD, ,M6J,794168.0,S0937,2021-12-19,2022-01-06,2023-11-08,Closed,To demolish rear detached garage and construct a new two storey laneway suite,Sfd - Rear Detached Garage,Two Storey Laneway House,1.0,0.0,100000.00,0.0,0.0,138.78,0.0,0.0,0.0,0.0,0.0,
239889,239890,21 250938 BLD,0,Small Residential Projects,2 Unit - Detached,New Laneway / Rear Yard Suite,106,WRIGHT,AVE, ,M6R,8105594.0,S0433,2021-12-22,2022-04-06,2023-02-22,Closed,Proposal to construct a new laneway suite.,Garage,Laneway Suite,1.0,0.0,300000,0.0,0.0,99.39,0.0,0.0,0.0,0.0,0.0,
240044,240045,21 251609 BLD,0,Small Residential Projects,Laneway / Rear Yard Suite,New Laneway / Rear Yard Suite,324,OLD WESTON,RD, ,M6N,8344678.0,S0926,2021-12-27,2022-08-19,2023-10-05,Closed,To construct a rear two storey laneway suite at the rear of property ,Sfd,Rear  Two Storey Laneway ,1.0,0.0,350000.00,0.0,0.0,99.84,0.0,0.0,0.0,0.0,0.0,
240731,240732,22 102414 BLD,1,Small Residential Projects,2 Unit - Semi-detached,New Laneway / Rear Yard Suite,144,DOVERCOURT,RD, ,M6J,10560918.0,S0937,2022-11-18,2022-12-05,2023-11-17,Closed,"Revision 01. Demolition of existing garage, Construction of laneway suite",Sfd Sime,Sfd Sime,0.0,0.0,0,0.0,0.0,0.0,0.0,0.0,0.0,0.0,0.0,
240732,240733,22 102414 BLD,0,Small Residential Projects,Laneway / Rear Yard Suite,New Laneway / Rear Yard Suite,144,DOVERCOURT,RD, ,M6J,10560918.0,S0937,2022-01-10,2022-10-05,2023-11-17,Closed,"Demolition of existing garage, Construction of laneway suite",Sfd Sime,Sfd Sime,1.0,0.0,200000,0.0,0.0,138.8,0.0,0.0,0.0,0.0,0.0,
240792,240793,22 102957 BLD,0,Small Residential Projects,Laneway / Rear Yard Suite,New Laneway / Rear Yard Suite,148,BORDEN,ST, ,M5S,11227336.0,S1138,2022-01-12,2022-05-11,2023-01-23,Closed,Proposed change of use for existing ancillary building to laneway suite with garage parking.  Interior alterations 54.29 sqm.  ,Ancillary Building,Laneway,1.0,0.0,35000,0.0,0.0,54.29,0.0,0.0,0.0,0.0,0.0,
241129,241130,22 104889 BLD,0,Small Residential Projects,2 Unit - Detached,New Laneway / Rear Yard Suite,93,LARCHMOUNT,AVE, ,M4M,8392383.0,S1441,2022-01-18,2022-06-08,2023-12-04,Closed,Proposal to construct a rear two storey laneway suite at the rear of property ,Single Family + Rear Parking Pad,Laneway Suite,1.0,0.0,"300,000",0.0,0.0,57.66,0.0,0.0,0.0,0.0,0.0,
241130,241131,22 104889 BLD,1,Small Residential Projects,2 Unit - Detached,New Laneway / Rear Yard Suite,93,LARCHMOUNT,AVE, ,M4M,8392383.0,S1441,2022-12-13,2023-01-16,2023-12-04,Closed,REVISION :01 Proposed revision to rear two storey laneway suite.Scope of revision: updates to structural plan for foundationProposal to construct a rear two storey laneway suite at the rear of property ,Single Family + Rear Parking Pad,Laneway Suite,0.0,0.0,0,0.0,0.0,0.0,0.0,0.0,0.0,0.0,0.0,
241309,241310,22 105711 BLD,0,Small Residential Projects,Laneway / Rear Yard Suite,New Laneway / Rear Yard Suite,71,GARDEN,AVE, ,M6R,8007659.0,S0435,2022-01-20,2022-02-28,2023-12-21,Closed,Second storey addition over the existing detached garage to accommodate a laneway suite. ,Detached Garage,Laneway Suite (Proposed Alterations To Main House),1.0,0.0,"110,000",0.0,0.0,42.0,0.0,0.0,0.0,0.0,0.0,
242262,242263,22 111052 BLD,0,Small Residential Projects,Laneway / Rear Yard Suite,New Laneway / Rear Yard Suite,456,ARMADALE,AVE, ,M6S,763873.0,S0426,2022-02-04,2022-09-12,2023-05-18,Closed,Proposal to construct two storey laneway suite ,Triplex,Triplex With Laneway Suite,1.0,0.0,80000,0.0,0.0,56.48,0.0,0.0,0.0,0.0,0.0,
243220,243221,22 116923 BLD,0,Small Residential Projects,2 Unit - Detached,New Laneway / Rear Yard Suite,339,BOON,AVE, ,M6E,53139.0,S0922,2022-02-24,2022-05-27,2023-12-08,Closed,Proposed laneway suite above exist'g garage at grade.,Sfd-Detached Garage,Sfd-Detached Garage & Laneway Suite Above,1.0,0.0,"250,000",0.0,0.0,68.2,0.0,0.0,0.0,0.0,0.0,
243436,243437,22 117907 BLD,0,Small Residential Projects,2 Unit - Detached,New Laneway / Rear Yard Suite,107,GEOFFREY,ST, ,M6R,8008498.0,S0433,2022-02-28,2022-04-11,2023-11-02,Closed,To construct laneway suite addition over existing one storey rear masonry garage,Sfd,Sfd With Rear Laneway Suite,1.0,0.0,480000,0.0,0.0,90.0,0.0,0.0,0.0,0.0,0.0,
243437,243438,22 117907 BLD,1,Small Residential Projects,2 Unit - Detached,New Laneway / Rear Yard Suite,107,GEOFFREY,ST, ,M6R,8008498.0,S0433,2022-10-31,2022-12-07,2023-11-02,Closed,Revision 01. To add a green roof to the laneway suite roofTo construct laneway suite addition over existing one storey rear masonry garage,Sfd,Sfd With Rear Laneway Suite,0.0,0.0,0,0.0,0.0,0.0,0.0,0.0,0.0,0.0,0.0,
243715,243716,22 119548 BLD,0,Small Residential Projects,2 Unit - Detached,New Laneway / Rear Yard Suite,1571,DUNDAS,ST,E,M4L,7807402.0,S1438,2022-03-04,2022-03-21,2023-07-12,Closed,"Proposal/Scope of Work: to demolish existing garage and construct a new 2-storey rear laneway suite.  No other work or approval beyond the bubbled area(s).  Structures and Uses identified as existing conditions on this building have not been reviewed for compliance with the OBC, nor have they been verified or approved.",Sfd-Semi Detached,Laneway Suite,1.0,0.0,400000,0.0,0.0,92.29,0.0,0.0,0.0,0.0,0.0,
244308,244309,22 122924 BLD,0,Small Residential Projects,2 Unit - Detached,New Laneway / Rear Yard Suite,76,SYMINGTON,AVE, ,M6P,876281.0,S0929,2022-03-15,2022-04-11,2023-04-28,Closed,Proposed construction of a new 2-storey laneway suite in rear yard.,Sfd-Detached,2-Unit Detached,1.0,0.0,"450,000",0.0,0.0,78.0,0.0,0.0,0.0,0.0,0.0,
245042,245043,22 127657 BLD,0,Small Residential Projects,Laneway / Rear Yard Suite,New Laneway / Rear Yard Suite,297,HARVIE,AVE, ,M6E,2350077.0,S0922,2022-03-28,2022-05-27,2023-05-31,Closed,Proposed construction of 2-storey laneway suite.,Sfd-Detached,Sfd-Detached W/ Laneway Suite,1.0,0.0,"10,000",0.0,0.0,118.0,0.0,0.0,0.0,0.0,0.0,
245220,245221,22 129016 BLD,0,Small Residential Projects,2 Unit - Detached,New Laneway / Rear Yard Suite,59,BOWDEN,ST, ,M4K,11046500.0,S1428,2022-03-31,2022-05-25,2023-06-08,Closed,Proposed construction of new 2-storey laneway suite.,Sfd-Detached,Sfd + Laneway,1.0,0.0,"400,000",0.0,0.0,186.1,0.0,0.0,0.0,0.0,0.0,
246749,246750,22 138723 BLD,1,Small Residential Projects,Laneway / Rear Yard Suite,New Laneway / Rear Yard Suite,329,RYDING,AVE, ,M6N,6320146.0,W0540,2022-10-25,2022-12-06,2023-11-02,Closed,Revision 01: Structural revisionsProposed garage with laneway suite above in rear yard/laneway of existing Single Family Dwelling,Sfd,Sfd With Laneway Suite,1.0,0.0,0,0.0,0.0,0.0,0.0,0.0,0.0,0.0,0.0,
246750,246751,22 138723 BLD,0,Small Residential Projects,Laneway / Rear Yard Suite,New Laneway / Rear Yard Suite,329,RYDING,AVE, ,M6N,6320146.0,W0540,2022-04-26,2022-05-09,2023-11-02,Closed,Proposed garage with laneway suite above in rear yard/laneway of existing Single Family Dwelling,Sfd,Sfd With Laneway Suite,1.0,0.0,230000,0.0,0.0,77.49,0.0,0.0,0.0,0.0,0.0,
247171,247172,22 142405 BLD,0,Small Residential Projects,Laneway / Rear Yard Suite,New Laneway / Rear Yard Suite,450,ROXTON,RD, ,M6G,10864436.0,S1132,2022-05-04,2022-06-03,2023-08-16,Closed,Proposed demolition of existing laneway garage and construction of new detached laneway suite. Existing dwelling to remain unaltered,Sfd,Sfd With Laneway Suite,1.0,0.0,500000,0.0,0.0,110.35,0.0,0.0,0.0,0.0,0.0,
247605,247606,22 146413 BLD,0,Small Residential Projects,Laneway / Rear Yard Suite,New Laneway / Rear Yard Suite,116,DAY,AVE, ,M6E,791819.0,S0924,2022-05-13,2022-06-02,2023-06-22,Closed,Proposal to demolish the detached garage and construct a new 2 storey laneway suite in the rear yard of an existing SFD-detached dwelling. See also 22 116846 ZZC.,Sfd-Detached,Sfd-Detached/Laneway Suite,1.0,0.0,"400,000",0.0,0.0,72.4,0.0,0.0,0.0,0.0,0.0,
248000,248001,22 149406 BLD,0,Small Residential Projects,Laneway / Rear Yard Suite,New Laneway / Rear Yard Suite,99,MARKHAM,ST, ,M6J,839280.0,S1022,2022-05-20,2022-06-16,2023-07-21,Closed,Proposal to construct a new 2 storey laneway suite,Sfd Detached,Detached + Laneway Suite,1.0,0.0,"300,000",0.0,0.0,111.63,0.0,0.0,0.0,0.0,0.0,
248468,248469,22 154516 BLD,0,Small Residential Projects,Laneway / Rear Yard Suite,New Laneway / Rear Yard Suite,174,INDIAN,GRV, ,M6P,823854.0,S0429,2022-05-31,2022-08-16,2023-05-18,Closed,To construct a laneway suite above existing rear detached garage with basement below.,Sfd-Semi-Detached,Sfd-Semi-Detached - Laneway Suite,1.0,0.0,200000,0.0,0.0,57.0,0.0,0.0,0.0,0.0,0.0,
248595,248596,22 155673 BLD,0,Small Residential Projects,Laneway / Rear Yard Suite,New Laneway / Rear Yard Suite,65,JOSEPH,ST, ,M9N,11226790.0,W0525,2022-06-02,2022-10-04,2023-05-29,Closed,Proposal to convert existing garage to laneway suite,Sfd Detached,Detached + Laneway Suite,1.0,0.0,"150,000",0.0,0.0,58.38,0.0,0.0,0.0,0.0,0.0,
249120,249121,22 160421 BLD,0,Small Residential Projects,Laneway / Rear Yard Suite,New Laneway / Rear Yard Suite,9,HUGO,AVE, ,M6P,823172.0,S0929,2022-06-10,2022-11-24,2023-02-03,Closed,Existing garage to be converted to a 2 storey laneway suite (84.82 sqm),Garage,Laneway Suite,1.0,0.0,"160,000",0.0,0.0,84.82,0.0,0.0,0.0,0.0,0.0,
249341,249342,22 162599 BLD,0,Small Residential Projects,Laneway / Rear Yard Suite,New Laneway / Rear Yard Suite,95,LESLIE,ST, ,M4M,832836.0,S1438,2022-06-15,2022-08-03,2023-08-25,Closed,Proposal to construct a new detached laneway suite. ,Sfd,Sfd W/ Laneway Suite,1.0,0.0,600000,0.0,0.0,88.6,0.0,0.0,0.0,0.0,0.0,
249617,249618,22 165549 BLD,0,Small Residential Projects,Laneway / Rear Yard Suite,New Laneway / Rear Yard Suite,95,HALLAM,ST, ,M6H,816536.0,S0932,2022-06-21,2022-08-08,2023-11-14,Closed,Proposal to construct a new two storey laneway suite in the rear yard of the existing three storey detached single family dwelling.,Sfd,Sfd W/ Laneway House,1.0,0.0,300000,0.0,0.0,78.82,0.0,0.0,0.0,0.0,0.0,
249645,249646,22 165772 BLD,0,Small Residential Projects,Laneway / Rear Yard Suite,New Laneway / Rear Yard Suite,78,DOVERCOURT,RD, ,M6J,794067.0,S0937,2022-06-21,2022-08-26,2023-06-05,Closed,"Proposal for a single car garage and laneway suite, 2 storeys to replace existing parking pad in the rear.",Garage,Laneway Suite,1.0,0.0,"300,000",0.0,0.0,55.0,0.0,0.0,0.0,0.0,0.0,
249778,249779,22 166881 BLD,1,Small Residential Projects,Laneway / Rear Yard Suite,New Laneway / Rear Yard Suite,110 A,BOON,AVE, ,M6E,2350251.0,S0924,2023-06-05,2023-06-19,2023-09-25,Closed,REVISION#1: Structural framing and foundationORG: To construct second storey addition over existing rear detached garage for new laneway suite,Sfd-Semi-Detached,Sfd-Semi-Detached/Rear Yard Laneway Suite,1.0,0.0,0,0.0,0.0,0.0,0.0,0.0,0.0,0.0,0.0,
249779,249780,22 166881 BLD,0,Small Residential Projects,Laneway / Rear Yard Suite,New Laneway / Rear Yard Suite,110 A,BOON,AVE, ,M6E,2350251.0,S0924,2022-06-23,2022-12-07,2023-09-25,Closed,To construct second storey addition over existing rear detached garage for new laneway suite,Sfd-Semi-Detached,Sfd-Semi-Detached/Rear Yard Laneway Suite,1.0,0.0,200000,0.0,0.0,45.0,0.0,0.0,0.0,0.0,0.0,
251080,251081,22 181065 BLD,0,Small Residential Projects,Laneway / Rear Yard Suite,New Laneway / Rear Yard Suite,202,GLEBEMOUNT,AVE, ,M4C,24209.0,S1925,2022-07-23,2022-08-25,2023-05-09,Closed,Proposal to construct a new detached rear laneway suite,Garage,Laneway Suite,1.0,0.0,"450,000",0.0,0.0,124.5,0.0,0.0,0.0,0.0,0.0,
251521,251522,22 185762 BLD,0,Small Residential Projects,Laneway / Rear Yard Suite,New Laneway / Rear Yard Suite,8,FIRST,AVE, ,M4M,11046803.0,S1434,2022-08-04,2022-08-12,2023-11-06,Closed,Proposal to construct a new two storey laneway suite in the rear yard of an existing semi-detached single family dwelling.,Sfd-Detached,Sfd-Detached/Laneway Suite,1.0,0.0,"300,000",0.0,0.0,82.0,0.0,0.0,0.0,0.0,0.0,
251717,251718,22 188076 BLD,0,Small Residential Projects,Laneway / Rear Yard Suite,New Laneway / Rear Yard Suite,210,PALMERSTON,AVE, ,M6J,8407850.0,S1142,2022-08-09,2022-08-25,2023-11-23,Closed,laneway garage to be demolished and replaced by a two=storey laneway suite ,Sfd - Semi,Sfd - Semi W/ Laneway House,1.0,0.0,450000,0.0,0.0,84.2,0.0,0.0,0.0,0.0,0.0,
252393,252394,22 195369 BLD,1,Small Residential Projects,Laneway / Rear Yard Suite,New Laneway / Rear Yard Suite,123,HAVELOCK,ST, ,M6H,9344386.0,S0934,2023-06-08,2023-06-22,2023-11-20,Closed,REVISION 01: FOUNDATION WORKProposing to convert existing garage into a garden suite dwelling ,Sfd,Sfd/Garden Suite,1.0,0.0,0,0.0,0.0,0.0,0.0,0.0,0.0,0.0,0.0,
252394,252395,22 195369 BLD,0,Small Residential Projects,2 Unit - Detached,New Laneway / Rear Yard Suite,123,HAVELOCK,ST, ,M6H,9344386.0,S0934,2022-08-24,2023-02-22,2023-11-20,Closed,Proposing to convert existing garage into a garden suite dwelling ,Sfd,Sfd/Garden Suite,1.0,0.0,50000,0.0,0.0,52.0,0.0,0.0,0.0,0.0,0.0,
252480,252481,22 196312 BLD,0,Small Residential Projects,Laneway / Rear Yard Suite,New Laneway / Rear Yard Suite,7,NUFFIELD,DR, ,M1E,368487.0,E2435,2022-08-26,2022-11-18,2023-11-09,Closed,Proposal to demolish the existing garage and construct a new one storey garden suite.,Garage,Laneway Suite,1.0,0.0,"350,000",0.0,0.0,60.0,0.0,0.0,0.0,0.0,0.0,
253759,253760,22 210209 BLD,0,Small Residential Projects,Laneway / Rear Yard Suite,New Laneway / Rear Yard Suite,391,BERKELEY,ST, ,M5A,7683740.0,S1323,2022-09-28,2022-12-29,2023-11-16,Closed,Proposed new two storey plus basement laneway suite at the rear of the existing lot. No alterations proposed to the existing main house.,Existing Fourplex In Detached 2.5 Storey Dwelling.,New Two Storey Plus Basement Laneway Suite In Rear ,1.0,0.0,"600,000.00",0.0,0.0,121.2,0.0,0.0,0.0,0.0,0.0,
254004,254005,22 212560 BLD,0,Small Residential Projects,Laneway / Rear Yard Suite,New Laneway / Rear Yard Suite,165,WYCHWOOD,AVE, ,M6C,78441.0,S1229,2022-10-03,2022-11-28,2023-11-29,Closed,INSTALLATION OF GUARDRAIL/PRIVACY SCREENS ON SECOND FLOOR OF DETACHED LANEWAY SUITE TO CREATE AN OCCUPIABLE PLATFORM. EXISTING DWELLING AND LANEWAY SUITE TO REMAIN UNALTERED OTHERWISE.,Sfd W/ Laneway House,Sfd W/ Laneway House,0.0,0.0,5000,0.0,0.0,0.0,0.0,0.0,0.0,0.0,0.0,
254005,254006,22 212560 BLD,1,Small Residential Projects,Laneway / Rear Yard Suite,New Laneway / Rear Yard Suite,165,WYCHWOOD,AVE, ,M6C,78441.0,S1229,2023-07-13,2023-09-14,2023-11-29,Closed,Revision 01: Revision to a permit for the installation of guardrail/privacy screens on second floor of detached laneway suite to create an occupiable platform. Existing dwelling and laneway suite to remain unaltered otherwise.INSTALLATION OF GUARDRAIL/PRIVACY SCREENS ON SECOND FLOOR OF DETACHED LANEWAY SUITE TO CREATE AN OCCUPIABLE PLATFORM. EXISTING DWELLING AND LANEWAY SUITE TO REMAIN UNALTERED OTHERWISE.,Sfd W/ Laneway House,Sfd W/ Laneway House,1.0,0.0,0,0.0,0.0,0.0,0.0,0.0,0.0,0.0,0.0,
255741,255742,22 229477 BLD,0,Small Residential Projects,Laneway / Rear Yard Suite,New Laneway / Rear Yard Suite,26,BATAVIA,AVE, ,M6N,51689.0,W0539,2022-11-15,2023-05-19,2023-11-15,Closed,"Proposed rear and second floor addition to an existing garage structure to create a 2 storey laneway suite, unlinked one of the br-vi (construction without permit) due to system limitations [AE] 2023-05-19: 2022  237676 000 00 BR",Garage,Garage With Laneway Suite,1.0,0.0,250000.00,0.0,0.0,94.6,0.0,0.0,0.0,0.0,0.0,MICHAEL SOLOMON
255906,255907,22 231313 BLD,0,Small Residential Projects,2 Unit - Detached,New Laneway / Rear Yard Suite,936,SCARLETT,RD, ,M9P,7131466.0,W0224,2022-11-21,2023-02-13,2023-11-02,Closed,Proposal to construct a garden suite above existing garage,Sfd Detached,Detached + Garden Suite,1.0,0.0,"150,000",0.0,0.0,92.6,0.0,0.0,0.0,0.0,0.0,
256300,256301,22 235687 BLD,0,Small Residential Projects,2 Unit - Detached,New Laneway / Rear Yard Suite,24,MCMANUS,RD, ,M9P,1017819.0,W0223,2022-12-02,2023-04-18,2023-11-28,Closed,Proposed conversion of existing garage structure into Garden Suite (52.64m2),Sfd With Rear Detached Garage,Sfd With Rear Garden Suite,1.0,0.0,"30,000",0.0,0.0,52.64,0.0,0.0,0.0,0.0,0.0,MARIA SZABO
257306,257307,23 103390 BLD,0,Small Residential Projects,2 Unit - Detached,New Laneway / Rear Yard Suite,465,BROADVIEW,AVE, ,M4K,776464.0,S1433,2023-01-13,2023-02-15,2023-10-13,Closed,Proposal to convert existing detached garage to a garden suite. See also 22 199386 ZAP.,Sfd-Detached,Sfd-Detached/Laneway Suite,1.0,0.0,"150,000",0.0,0.0,0.0,0.0,0.0,0.0,35.85,0.0,
257506,257507,23 106205 BLD,0,Small Residential Projects,Laneway / Rear Yard Suite,New Laneway / Rear Yard Suite,570,RIDELLE,AVE, ,M6B,71230.0,N0831,2023-01-23,2023-02-15,2023-08-16,Closed,Proposal to alter existing garage by building an addition for the purpose of a garden suite,Sfd,Sfd + Garden Suite,1.0,0.0,200000,0.0,0.0,43.82,0.0,0.0,0.0,0.0,0.0,
257507,257508,23 106205 BLD,1,Small Residential Projects,Laneway / Rear Yard Suite,New Laneway / Rear Yard Suite,570,RIDELLE,AVE, ,M6B,71230.0,N0831,2023-04-06,2023-04-25,2023-08-16,Closed,Revision 01; Proposal to revise existing building permit No: 23 106205 by relocating parking pad. Install Sump Pump and Back Water ValveProposal to alter existing garage by building an addition for the purpose of a garden suite,Sfd,Sfd + Garden Suite,1.0,0.0,0,0.0,0.0,0.0,0.0,0.0,0.0,0.0,0.0,
257761,257762,23 109203 BLD,0,Small Residential Projects,Laneway / Rear Yard Suite,New Laneway / Rear Yard Suite,60,LANSDOWNE,AVE, ,M6K,10757559.0,S0435,2023-02-01,2023-03-22,2023-09-12,Closed,Proposal to construct a new second storey addition and convert the existing detached garage to a new garden suite.,2 Unit Detached,2 Unit Detached/Garden Suite,1.0,0.0,"150,000",0.0,0.0,65.18,0.0,0.0,0.0,52.86,0.0,
258046,258047,23 112642 BLD,0,Small Residential Projects,Laneway / Rear Yard Suite,New Laneway / Rear Yard Suite,249,KEELE,ST, ,M6P,9109159.0,S0429,2023-02-10,2023-05-04,2023-09-26,Closed,Rear one storey garden suite,Triplex With Rear Garage,Triplex With Rear Garden Suite,1.0,0.0,"200,000",0.0,0.0,90.39,0.0,0.0,0.0,0.0,0.0,
258308,258309,23 115859 BLD,0,Small Residential Projects,Laneway / Rear Yard Suite,New Laneway / Rear Yard Suite,158,DOVERCOURT,RD, ,M6J,10561097.0,S0937,2023-02-21,2023-03-24,2023-11-17,Closed,Proposed a new laneway suite in the rear yard of the existing semi-detached house.,Sfd - Semi-Detached,Sfd - Semi-Detached + Laneway Suite,1.0,0.0,"250,000.00",0.0,0.0,68.0,0.0,0.0,0.0,0.0,0.0,
258309,258310,23 115859 BLD,1,Small Residential Projects,Laneway / Rear Yard Suite,New Laneway / Rear Yard Suite,158,DOVERCOURT,RD, ,M6J,10561097.0,S0937,2023-04-24,2023-05-09,2023-11-17,Closed,"REVISION 01: New ground floor layout, eliminate parking space.Proposed a new laneway suite in the rear yard of the existing semi-detached house.",Sfd - Semi-Detached,Sfd - Semi-Detached + Laneway Suite,1.0,0.0,0,0.0,0.0,0.0,0.0,0.0,0.0,0.0,0.0,
258477,258478,23 116840 BLD,0,Small Residential Projects,Laneway / Rear Yard Suite,New Laneway / Rear Yard Suite,185,DIVADALE,DR, ,M4G,21181.0,N1529,2023-02-23,2023-03-13,2023-07-12,Closed,Proposed Garden Suite at Rear Yard.,Sfd,Sfd With Rear Garden Suite,1.0,0.0,"400,000",0.0,0.0,50.7,0.0,0.0,0.0,0.0,0.0,CATHERINE FAYE
259117,259118,23 123412 BLD,0,Small Residential Projects,Laneway / Rear Yard Suite,New Laneway / Rear Yard Suite,3978,ELLESMERE,RD, ,M1C,331653.0,E2531,2023-03-15,2023-04-19,2023-10-23,Closed,Construct of new rear yard garden suite,Sfd Detached,Detached + Garden Suite,0.0,0.0,"400,000",0.0,0.0,60.0,0.0,0.0,0.0,0.0,0.0,
